{"credit":"Made with Blockbench","texture_size":[32,32],"textures":{"0":"zen_armas:guadana1","1":"zen_armas:hoja","particle":"zen_armas:guadana1"},"elements":[{"from":[7.4,-3,7.4],"to":[8.6,24,8.6],"rotation":{"angle":0,"axis":"y","origin":[7.4,-3,7.4]},"faces":{"north":{"uv":[0,0,0.625,13.5],"texture":"#0"},"east":{"uv":[1,0,1.625,13.5],"texture":"#0"},"south":{"uv":[2,0,2.625,13.5],"texture":"#0"},"west":{"uv":[3,0,3.625,13.5],"texture":"#0"},"up":{"uv":[6.625,9.625,6,9],"texture":"#0"},"down":{"uv":[7.625,9,7,9.625],"texture":"#0"}}},{"from":[7.2,-16,7.2],"to":[8.8,-14,8.8],"rotation":{"angle":0,"axis":"y","origin":[7.2,-16,7.2]},"faces":{"north":{"uv":[7,7,7.75,8],"texture":"#0"},"east":{"uv":[4,8,4.75,9],"texture":"#0"},"south":{"uv":[5,8,5.75,9],"texture":"#0"},"west":{"uv":[6,8,6.75,9],"texture":"#0"},"up":{"uv":[9.25,5.75,8.5,5],"texture":"#0"},"down":{"uv":[9.25,6,8.5,6.75],"texture":"#0"}}},{"from":[7.2,-10,7.2],"to":[8.8,-3,8.8],"rotation":{"angle":0,"axis":"y","origin":[7.2,-10,7.2]},"faces":{"north":{"uv":[4,0,4.75,3.5],"texture":"#0"},"east":{"uv":[4,3.5,4.75,7],"texture":"#0"},"south":{"uv":[5,0,5.75,3.5],"texture":"#0"},"west":{"uv":[5,3.5,5.75,7],"texture":"#0"},"up":{"uv":[4.75,9.75,4,9],"texture":"#0"},"down":{"uv":[5.75,9,5,9.75],"texture":"#0"}}},{"from":[7.4,-14,7.4],"to":[8.6,-10,8.6],"rotation":{"angle":0,"axis":"y","origin":[7.4,-14,7.4]},"faces":{"north":{"uv":[6,0,6.625,2],"texture":"#0"},"east":{"uv":[6,2,6.625,4],"texture":"#0"},"south":{"uv":[6,4,6.625,6],"texture":"#0"},"west":{"uv":[6,6,6.625,8],"texture":"#0"},"up":{"uv":[9.625,7.625,9,7],"texture":"#0"},"down":{"uv":[8.625,9,8,9.625],"texture":"#0"}}},{"from":[7.5,24,7.5],"to":[8.5,25,8.5],"rotation":{"angle":0,"axis":"y","origin":[7.5,24,7.5]},"faces":{"north":{"uv":[5.5,7,6,7.5],"texture":"#0"},"east":{"uv":[5.5,7.5,6,8],"texture":"#0"},"south":{"uv":[9.5,4,10,4.5],"texture":"#0"},"west":{"uv":[9.5,4.5,10,5],"texture":"#0"},"up":{"uv":[10,5.5,9.5,5],"texture":"#0"},"down":{"uv":[10,5.5,9.5,6],"texture":"#0"}}},{"from":[7.4,25,7.4],"to":[8.6,25.4,8.6],"rotation":{"angle":0,"axis":"y","origin":[7.2,25,7.2]},"faces":{"north":{"uv":[5,10,5.625,10.25],"texture":"#0"},"east":{"uv":[10,5,10.625,5.25],"texture":"#0"},"south":{"uv":[10,5.5,10.625,5.75],"texture":"#0"},"west":{"uv":[6,10,6.625,10.25],"texture":"#0"},"up":{"uv":[9.625,8.625,9,8],"texture":"#0"},"down":{"uv":[9.625,9,9,9.625],"texture":"#0"}}},{"from":[7.4,26.8,7.4],"to":[8.6,27.2,8.6],"rotation":{"angle":0,"axis":"y","origin":[7.2,26.8,7.2]},"faces":{"north":{"uv":[10,6,10.625,6.25],"texture":"#0"},"east":{"uv":[10,6.5,10.625,6.75],"texture":"#0"},"south":{"uv":[7,10,7.625,10.25],"texture":"#0"},"west":{"uv":[10,7,10.625,7.25],"texture":"#0"},"up":{"uv":[10.125,0.625,9.5,0],"texture":"#0"},"down":{"uv":[10.125,1,9.5,1.625],"texture":"#0"}}},{"from":[7.4,28.8,7.4],"to":[8.6,29.2,8.6],"rotation":{"angle":0,"axis":"y","origin":[7.2,28.8,7.2]},"faces":{"north":{"uv":[10,7.5,10.625,7.75],"texture":"#0"},"east":{"uv":[8,10,8.625,10.25],"texture":"#0"},"south":{"uv":[10,8,10.625,8.25],"texture":"#0"},"west":{"uv":[10,8.5,10.625,8.75],"texture":"#0"},"up":{"uv":[10.125,2.625,9.5,2],"texture":"#0"},"down":{"uv":[10.125,3,9.5,3.625],"texture":"#0"}}},{"from":[7.6,29.2,7.6],"to":[8.4,29.6,8.4],"rotation":{"angle":0,"axis":"y","origin":[7.2,29.2,7.2]},"faces":{"north":{"uv":[9.5,10,9.875,10.25],"texture":"#0"},"east":{"uv":[10,9.5,10.375,9.75],"texture":"#0"},"south":{"uv":[10,10,10.375,10.25],"texture":"#0"},"west":{"uv":[10.5,0,10.875,0.25],"texture":"#0"},"up":{"uv":[9.375,10.375,9,10],"texture":"#0"},"down":{"uv":[10.375,9,10,9.375],"texture":"#0"}}},{"from":[7.8,29.6,7.8],"to":[8.2,31,8.2],"rotation":{"angle":0,"axis":"y","origin":[7.2,29.6,7.2]},"faces":{"north":{"uv":[9.5,6,9.75,6.75],"texture":"#0"},"east":{"uv":[4,10,4.25,10.75],"texture":"#0"},"south":{"uv":[10,4,10.25,4.75],"texture":"#0"},"west":{"uv":[4.5,10,4.75,10.75],"texture":"#0"},"up":{"uv":[10.75,0.75,10.5,0.5],"texture":"#0"},"down":{"uv":[10.75,1,10.5,1.25],"texture":"#0"}}},{"from":[6.9,27.2,8],"to":[9.1,28.8,8],"rotation":{"angle":0,"axis":"y","origin":[8,28,8]},"faces":{"north":{"uv":[7,0,8.125,0.75],"texture":"#0"},"east":{"uv":[0,0,0,0.75],"texture":"#0"},"south":{"uv":[7,1,8.125,1.75],"texture":"#0"},"west":{"uv":[0,0,0,0.75],"texture":"#0"},"up":{"uv":[1.125,0,0,0],"texture":"#0"},"down":{"uv":[1.125,0,0,0],"texture":"#0"}}},{"from":[8,27.2,6.9],"to":[8,28.8,9.1],"rotation":{"angle":0,"axis":"y","origin":[8,28,8]},"faces":{"north":{"uv":[0,0,0,0.75],"texture":"#0"},"east":{"uv":[7,2,8.125,2.75],"texture":"#0"},"south":{"uv":[0,0,0,0.75],"texture":"#0"},"west":{"uv":[7,3,8.125,3.75],"texture":"#0"},"up":{"uv":[0,1.125,0,0],"texture":"#0"},"down":{"uv":[0,0,0,1.125],"texture":"#0"}}},{"from":[8,27.2,6.9],"to":[8,28.8,9.1],"rotation":{"angle":45,"axis":"y","origin":[8,28,8]},"faces":{"north":{"uv":[0,0,0,0.75],"texture":"#0"},"east":{"uv":[4,7,5.125,7.75],"texture":"#0"},"south":{"uv":[0,0,0,0.75],"texture":"#0"},"west":{"uv":[7,4,8.125,4.75],"texture":"#0"},"up":{"uv":[0,1.125,0,0],"texture":"#0"},"down":{"uv":[0,0,0,1.125],"texture":"#0"}}},{"from":[8,27.2,6.9],"to":[8,28.8,9.1],"rotation":{"angle":-45,"axis":"y","origin":[8,28,8]},"faces":{"north":{"uv":[0,0,0,0.75],"texture":"#0"},"east":{"uv":[7,5,8.125,5.75],"texture":"#0"},"south":{"uv":[0,0,0,0.75],"texture":"#0"},"west":{"uv":[7,6,8.125,6.75],"texture":"#0"},"up":{"uv":[0,1.125,0,0],"texture":"#0"},"down":{"uv":[0,0,0,1.125],"texture":"#0"}}},{"from":[7.1,25.4,8],"to":[8.9,26.8,8],"rotation":{"angle":0,"axis":"y","origin":[8,26.1,8]},"faces":{"north":{"uv":[7,8,7.875,8.75],"texture":"#0"},"east":{"uv":[0,0,0,0.75],"texture":"#0"},"south":{"uv":[8,7,8.875,7.75],"texture":"#0"},"west":{"uv":[0,0,0,0.75],"texture":"#0"},"up":{"uv":[0.875,0,0,0],"texture":"#0"},"down":{"uv":[0.875,0,0,0],"texture":"#0"}}},{"from":[8,25.4,7.1],"to":[8,26.8,8.9],"rotation":{"angle":0,"axis":"y","origin":[8,26.1,8]},"faces":{"north":{"uv":[0,0,0,0.75],"texture":"#0"},"east":{"uv":[8,8,8.875,8.75],"texture":"#0"},"south":{"uv":[0,0,0,0.75],"texture":"#0"},"west":{"uv":[8.5,0,9.375,0.75],"texture":"#0"},"up":{"uv":[0,0.875,0,0],"texture":"#0"},"down":{"uv":[0,0,0,0.875],"texture":"#0"}}},{"from":[8,25.4,7.1],"to":[8,26.8,8.9],"rotation":{"angle":45,"axis":"y","origin":[8,26.1,8]},"faces":{"north":{"uv":[0,0,0,0.75],"texture":"#0"},"east":{"uv":[8.5,1,9.375,1.75],"texture":"#0"},"south":{"uv":[0,0,0,0.75],"texture":"#0"},"west":{"uv":[8.5,2,9.375,2.75],"texture":"#0"},"up":{"uv":[0,0.875,0,0],"texture":"#0"},"down":{"uv":[0,0,0,0.875],"texture":"#0"}}},{"from":[8,25.4,7.1],"to":[8,26.8,8.9],"rotation":{"angle":-45,"axis":"y","origin":[8,26.1,8]},"faces":{"north":{"uv":[0,0,0,0.75],"texture":"#0"},"east":{"uv":[8.5,3,9.375,3.75],"texture":"#0"},"south":{"uv":[0,0,0,0.75],"texture":"#0"},"west":{"uv":[8.5,4,9.375,4.75],"texture":"#0"},"up":{"uv":[0,0.875,0,0],"texture":"#0"},"down":{"uv":[0,0,0,0.875],"texture":"#0"}}},{"name":"hoja","from":[8,15.1,-9.4],"to":[8,26.1,15.8],"rotation":{"angle":0,"axis":"y","origin":[8,23.1,3.7]},"faces":{"north":{"uv":[0,0,0,5.5],"texture":"#1"},"east":{"uv":[0,0,12.625,5.5],"texture":"#1"},"south":{"uv":[0,0,0,5.5],"texture":"#1"},"west":{"uv":[0,5.5,12.625,11],"texture":"#1"},"up":{"uv":[0,12.625,0,0],"texture":"#1"},"down":{"uv":[0,0,0,12.625],"texture":"#1"}}}],"display":{"thirdperson_righthand":{"translation":[0,6.5,0.5]},"thirdperson_lefthand":{"translation":[0,6.5,0.75]},"firstperson_righthand":{"translation":[0,-2.75,0]},"firstperson_lefthand":{"translation":[0,-2.75,0]},"ground":{"translation":[0,20.5,0]},"gui":{"rotation":[58.7,51.2,-64.67],"translation":[1,0.25,0],"scale":[0.4,0.4,0.4]},"head":{"rotation":[95.5,71,-90],"translation":[3.75,-4.25,8.5],"scale":[1.5,1.5,1.5]},"fixed":{"rotation":[90,-76,90],"translation":[-4,3.5,-3],"scale":[1.5,1.5,1.5]}}}