{"credit":"Made with Blockbench","texture_size":[32,32],"textures":{"0":"zen_armas:zencraft/katana2","particle":"zen_armas:zencraft/katana2"},"elements":[{"from":[7.375,-14.1875,7],"to":[8.1125,-13.3125,7.8],"faces":{"north":{"uv":[7.5,1,8,1.5],"texture":"#0"},"east":{"uv":[7.5,2.5,8,3],"texture":"#0"},"south":{"uv":[8.5,6,9,6.5],"texture":"#0"},"west":{"uv":[8.5,6.5,9,7],"texture":"#0"},"up":{"uv":[7.5,9,7,8.5],"texture":"#0"},"down":{"uv":[9,7,8.5,7.5],"texture":"#0"}}},{"from":[7.3125,-13.3125,6.8125],"to":[8.175,-7.5625,7.8625],"rotation":{"angle":0,"axis":"y","origin":[0,1.5,0]},"faces":{"north":{"uv":[4,5.5,4.5,8.5],"texture":"#0"},"east":{"uv":[4.5,5.5,5,8.5],"texture":"#0"},"south":{"uv":[5,5.5,5.5,8.5],"texture":"#0"},"west":{"uv":[5.5,5.5,6,8.5],"texture":"#0"},"up":{"uv":[8,9,7.5,8.5],"texture":"#0"},"down":{"uv":[9,7.5,8.5,8],"texture":"#0"}}},{"from":[7.1875,-8.25,7.0625],"to":[8.3,-7.9375,7.6125],"rotation":{"angle":0,"axis":"y","origin":[0,1.5,0]},"faces":{"north":{"uv":[8.5,8,9,8.5],"texture":"#0"},"east":{"uv":[8.5,8.5,9,9],"texture":"#0"},"south":{"uv":[9,0,9.5,0.5],"texture":"#0"},"west":{"uv":[9,0.5,9.5,1],"texture":"#0"},"up":{"uv":[9.5,1.5,9,1],"texture":"#0"},"down":{"uv":[9.5,1.5,9,2],"texture":"#0"}}},{"from":[7.375,-4,7.0625],"to":[8.1125,-3.6875,7.425],"rotation":{"angle":45,"axis":"x","origin":[7.74375,-3.84375,7.24375]},"faces":{"north":{"uv":[2,9,2.5,9.5],"texture":"#0"},"east":{"uv":[9,2,9.5,2.5],"texture":"#0"},"south":{"uv":[2.5,9,3,9.5],"texture":"#0"},"west":{"uv":[9,2.5,9.5,3],"texture":"#0"},"up":{"uv":[9.5,3.5,9,3],"texture":"#0"},"down":{"uv":[9.5,3.5,9,4],"texture":"#0"}}},{"from":[7.375,-3.25,7.0625],"to":[8.1125,-2.9375,7.425],"rotation":{"angle":45,"axis":"x","origin":[7.74375,-3.09375,7.24375]},"faces":{"north":{"uv":[9,4,9.5,4.5],"texture":"#0"},"east":{"uv":[9,4.5,9.5,5],"texture":"#0"},"south":{"uv":[9,5,9.5,5.5],"texture":"#0"},"west":{"uv":[9,5.5,9.5,6],"texture":"#0"},"up":{"uv":[6.5,9.5,6,9],"texture":"#0"},"down":{"uv":[9.5,6,9,6.5],"texture":"#0"}}},{"from":[7.375,-2.5625,7.0625],"to":[8.1125,-2.25,7.425],"rotation":{"angle":45,"axis":"x","origin":[7.74375,-2.40625,7.24375]},"faces":{"north":{"uv":[6.5,9,7,9.5],"texture":"#0"},"east":{"uv":[9,6.5,9.5,7],"texture":"#0"},"south":{"uv":[7,9,7.5,9.5],"texture":"#0"},"west":{"uv":[9,7,9.5,7.5],"texture":"#0"},"up":{"uv":[8,9.5,7.5,9],"texture":"#0"},"down":{"uv":[9.5,7.5,9,8],"texture":"#0"}}},{"from":[7.375,-1.9375,7.0625],"to":[8.1125,-1.625,7.425],"rotation":{"angle":45,"axis":"x","origin":[7.74375,-1.78125,7.24375]},"faces":{"north":{"uv":[8,9,8.5,9.5],"texture":"#0"},"east":{"uv":[9,8,9.5,8.5],"texture":"#0"},"south":{"uv":[8.5,9,9,9.5],"texture":"#0"},"west":{"uv":[9,8.5,9.5,9],"texture":"#0"},"up":{"uv":[9.5,9.5,9,9],"texture":"#0"},"down":{"uv":[0.5,9.5,0,10],"texture":"#0"}}},{"from":[7.375,-1.25,7.0625],"to":[8.1125,-0.9375,7.425],"rotation":{"angle":45,"axis":"x","origin":[7.74375,-1.09375,7.24375]},"faces":{"north":{"uv":[9.5,0,10,0.5],"texture":"#0"},"east":{"uv":[0.5,9.5,1,10],"texture":"#0"},"south":{"uv":[9.5,0.5,10,1],"texture":"#0"},"west":{"uv":[1,9.5,1.5,10],"texture":"#0"},"up":{"uv":[10,1.5,9.5,1],"texture":"#0"},"down":{"uv":[2,9.5,1.5,10],"texture":"#0"}}},{"from":[7.1875,-8.9375,7.0625],"to":[8.3,-8.625,7.6125],"rotation":{"angle":0,"axis":"y","origin":[0,1.5,0]},"faces":{"north":{"uv":[9.5,1.5,10,2],"texture":"#0"},"east":{"uv":[2,9.5,2.5,10],"texture":"#0"},"south":{"uv":[9.5,2,10,2.5],"texture":"#0"},"west":{"uv":[2.5,9.5,3,10],"texture":"#0"},"up":{"uv":[10,3,9.5,2.5],"texture":"#0"},"down":{"uv":[3.5,9.5,3,10],"texture":"#0"}}},{"from":[7.1875,-9.75,7.0625],"to":[8.3,-9.4375,7.6125],"rotation":{"angle":0,"axis":"y","origin":[0,1.5,0]},"faces":{"north":{"uv":[9.5,3,10,3.5],"texture":"#0"},"east":{"uv":[3.5,9.5,4,10],"texture":"#0"},"south":{"uv":[9.5,3.5,10,4],"texture":"#0"},"west":{"uv":[4,9.5,4.5,10],"texture":"#0"},"up":{"uv":[10,4.5,9.5,4],"texture":"#0"},"down":{"uv":[5,9.5,4.5,10],"texture":"#0"}}},{"from":[7.1875,-10.5625,7.0625],"to":[8.3,-10.25,7.6125],"rotation":{"angle":0,"axis":"y","origin":[0,1.5,0]},"faces":{"north":{"uv":[9.5,4.5,10,5],"texture":"#0"},"east":{"uv":[5,9.5,5.5,10],"texture":"#0"},"south":{"uv":[9.5,5,10,5.5],"texture":"#0"},"west":{"uv":[5.5,9.5,6,10],"texture":"#0"},"up":{"uv":[10,6,9.5,5.5],"texture":"#0"},"down":{"uv":[6.5,9.5,6,10],"texture":"#0"}}},{"from":[7.1875,-11.375,7.0625],"to":[8.3,-11.0625,7.6125],"rotation":{"angle":0,"axis":"y","origin":[0,1.5,0]},"faces":{"north":{"uv":[9.5,6,10,6.5],"texture":"#0"},"east":{"uv":[6.5,9.5,7,10],"texture":"#0"},"south":{"uv":[9.5,6.5,10,7],"texture":"#0"},"west":{"uv":[7,9.5,7.5,10],"texture":"#0"},"up":{"uv":[10,7.5,9.5,7],"texture":"#0"},"down":{"uv":[8,9.5,7.5,10],"texture":"#0"}}},{"from":[7.1875,-12.25,7.0625],"to":[8.3,-11.9375,7.6125],"rotation":{"angle":0,"axis":"y","origin":[0,1.5,0]},"faces":{"north":{"uv":[9.5,7.5,10,8],"texture":"#0"},"east":{"uv":[8,9.5,8.5,10],"texture":"#0"},"south":{"uv":[9.5,8,10,8.5],"texture":"#0"},"west":{"uv":[8.5,9.5,9,10],"texture":"#0"},"up":{"uv":[10,9,9.5,8.5],"texture":"#0"},"down":{"uv":[9.5,9.5,9,10],"texture":"#0"}}},{"from":[7.1875,-13.125,7.0625],"to":[8.3,-12.8125,7.6125],"rotation":{"angle":0,"axis":"y","origin":[0,1.5,0]},"faces":{"north":{"uv":[9.5,9,10,9.5],"texture":"#0"},"east":{"uv":[9.5,9.5,10,10],"texture":"#0"},"south":{"uv":[0,10,0.5,10.5],"texture":"#0"},"west":{"uv":[10,0,10.5,0.5],"texture":"#0"},"up":{"uv":[1,10.5,0.5,10],"texture":"#0"},"down":{"uv":[10.5,0.5,10,1],"texture":"#0"}}},{"from":[7.25,-7.5625,6.4375],"to":[8.2375,-6.8125,8.175],"rotation":{"angle":0,"axis":"y","origin":[0,1.5,0]},"faces":{"north":{"uv":[1,10,1.5,10.5],"texture":"#0"},"east":{"uv":[6,5,7,5.5],"texture":"#0"},"south":{"uv":[10,1,10.5,1.5],"texture":"#0"},"west":{"uv":[6,5.5,7,6],"texture":"#0"},"up":{"uv":[6.5,7,6,6],"texture":"#0"},"down":{"uv":[0.5,6.5,0,7.5],"texture":"#0"}}},{"from":[7.375,-7.3125,5.625],"to":[8.1125,-6.6875,6.675],"rotation":{"angle":22.5,"axis":"x","origin":[7.74375,-7.1875,6.15]},"faces":{"north":{"uv":[1.5,10,2,10.5],"texture":"#0"},"east":{"uv":[10,1.5,10.5,2],"texture":"#0"},"south":{"uv":[2,10,2.5,10.5],"texture":"#0"},"west":{"uv":[10,2,10.5,2.5],"texture":"#0"},"up":{"uv":[3,10.5,2.5,10],"texture":"#0"},"down":{"uv":[10.5,2.5,10,3],"texture":"#0"}}},{"from":[7.375,-8.1875,7.875],"to":[8.1125,-7.5625,8.925],"rotation":{"angle":-22.5,"axis":"x","origin":[7.74375,-7.1875,6.15]},"faces":{"north":{"uv":[3,10,3.5,10.5],"texture":"#0"},"east":{"uv":[10,3,10.5,3.5],"texture":"#0"},"south":{"uv":[3.5,10,4,10.5],"texture":"#0"},"west":{"uv":[10,3.5,10.5,4],"texture":"#0"},"up":{"uv":[4.5,10.5,4,10],"texture":"#0"},"down":{"uv":[10.5,4,10,4.5],"texture":"#0"}}},{"from":[7.4375,-7.03976,4.62884],"to":[8.05,-6.60226,6.05384],"rotation":{"angle":0,"axis":"x","origin":[7.74375,-6.72726,5.52884]},"faces":{"north":{"uv":[4.5,10,5,10.5],"texture":"#0"},"east":{"uv":[10,4.5,10.5,5],"texture":"#0"},"south":{"uv":[5,10,5.5,10.5],"texture":"#0"},"west":{"uv":[10,5,10.5,5.5],"texture":"#0"},"up":{"uv":[6,10.5,5.5,10],"texture":"#0"},"down":{"uv":[10.5,5.5,10,6],"texture":"#0"}}},{"from":[7.4375,-7.03976,8.50384],"to":[8.05,-6.60226,9.92884],"rotation":{"angle":0,"axis":"x","origin":[7.74375,-6.72726,5.52884]},"faces":{"north":{"uv":[6,10,6.5,10.5],"texture":"#0"},"east":{"uv":[10,6,10.5,6.5],"texture":"#0"},"south":{"uv":[6.5,10,7,10.5],"texture":"#0"},"west":{"uv":[10,6.5,10.5,7],"texture":"#0"},"up":{"uv":[7.5,10.5,7,10],"texture":"#0"},"down":{"uv":[10.5,7,10,7.5],"texture":"#0"}}},{"from":[7.5,-6.78976,4.12884],"to":[7.9875,-6.35226,4.86634],"rotation":{"angle":-22.5,"axis":"x","origin":[7.74375,-6.72726,5.52884]},"faces":{"north":{"uv":[7.5,10,8,10.5],"texture":"#0"},"east":{"uv":[10,7.5,10.5,8],"texture":"#0"},"south":{"uv":[8,10,8.5,10.5],"texture":"#0"},"west":{"uv":[10,8,10.5,8.5],"texture":"#0"},"up":{"uv":[9,10.5,8.5,10],"texture":"#0"},"down":{"uv":[10.5,8.5,10,9],"texture":"#0"}}},{"from":[7.5,-5.1338,9.08505],"to":[7.9875,-4.6963,9.82255],"rotation":{"angle":22.5,"axis":"x","origin":[7.74375,-6.97755,4.5163]},"faces":{"north":{"uv":[9,10,9.5,10.5],"texture":"#0"},"east":{"uv":[10,9,10.5,9.5],"texture":"#0"},"south":{"uv":[9.5,10,10,10.5],"texture":"#0"},"west":{"uv":[10,9.5,10.5,10],"texture":"#0"},"up":{"uv":[10.5,10.5,10,10],"texture":"#0"},"down":{"uv":[0.5,10.5,0,11],"texture":"#0"}}},{"from":[7.4375,-6.8125,5.125],"to":[8.05,-6.5,9.2375],"rotation":{"angle":0,"axis":"y","origin":[0,1.5,0]},"faces":{"north":{"uv":[10.5,0,11,0.5],"texture":"#0"},"east":{"uv":[6,0,8,0.5],"texture":"#0"},"south":{"uv":[0.5,10.5,1,11],"texture":"#0"},"west":{"uv":[6,0.5,8,1],"texture":"#0"},"up":{"uv":[6.5,3,6,1],"texture":"#0"},"down":{"uv":[6.5,3,6,5],"texture":"#0"}}},{"from":[6.6875,-4.9375,6.125],"to":[6.9875,-4.625,8.425],"rotation":{"angle":0,"axis":"y","origin":[0,1.5,0]},"faces":{"north":{"uv":[10.5,0.5,11,1],"texture":"#0"},"east":{"uv":[0.5,6.5,1.5,7],"texture":"#0"},"south":{"uv":[1,10.5,1.5,11],"texture":"#0"},"west":{"uv":[6.5,1,7.5,1.5],"texture":"#0"},"up":{"uv":[2,7.5,1.5,6.5],"texture":"#0"},"down":{"uv":[7,1.5,6.5,2.5],"texture":"#0"}}},{"from":[8.1875,-4.9375,8.25],"to":[8.4875,-4.625,8.6125],"rotation":{"angle":0,"axis":"y","origin":[0,1.5,0]},"faces":{"north":{"uv":[10.5,1,11,1.5],"texture":"#0"},"east":{"uv":[1.5,10.5,2,11],"texture":"#0"},"south":{"uv":[10.5,1.5,11,2],"texture":"#0"},"west":{"uv":[2,10.5,2.5,11],"texture":"#0"},"up":{"uv":[11,2.5,10.5,2],"texture":"#0"},"down":{"uv":[3,10.5,2.5,11],"texture":"#0"}}},{"from":[7.5625,-4.9375,8.4375],"to":[7.8625,-4.625,8.8],"rotation":{"angle":0,"axis":"y","origin":[0,1.5,0]},"faces":{"north":{"uv":[10.5,2.5,11,3],"texture":"#0"},"east":{"uv":[3,10.5,3.5,11],"texture":"#0"},"south":{"uv":[10.5,3,11,3.5],"texture":"#0"},"west":{"uv":[3.5,10.5,4,11],"texture":"#0"},"up":{"uv":[11,4,10.5,3.5],"texture":"#0"},"down":{"uv":[4.5,10.5,4,11],"texture":"#0"}}},{"from":[7.5625,-4.9375,5.8125],"to":[7.8625,-4.625,6.175],"rotation":{"angle":0,"axis":"y","origin":[0,1.5,0]},"faces":{"north":{"uv":[10.5,4,11,4.5],"texture":"#0"},"east":{"uv":[4.5,10.5,5,11],"texture":"#0"},"south":{"uv":[10.5,4.5,11,5],"texture":"#0"},"west":{"uv":[5,10.5,5.5,11],"texture":"#0"},"up":{"uv":[11,5.5,10.5,5],"texture":"#0"},"down":{"uv":[6,10.5,5.5,11],"texture":"#0"}}},{"from":[8.4375,-4.9375,6.125],"to":[8.7375,-4.625,8.425],"rotation":{"angle":0,"axis":"y","origin":[0,1.5,0]},"faces":{"north":{"uv":[10.5,5.5,11,6],"texture":"#0"},"east":{"uv":[2,6.5,3,7],"texture":"#0"},"south":{"uv":[6,10.5,6.5,11],"texture":"#0"},"west":{"uv":[6.5,2.5,7.5,3],"texture":"#0"},"up":{"uv":[3.5,7.5,3,6.5],"texture":"#0"},"down":{"uv":[7,3,6.5,4],"texture":"#0"}}},{"from":[6.9375,-4.9375,8.25],"to":[7.2375,-4.625,8.6125],"rotation":{"angle":0,"axis":"y","origin":[0,1.5,0]},"faces":{"north":{"uv":[10.5,6,11,6.5],"texture":"#0"},"east":{"uv":[6.5,10.5,7,11],"texture":"#0"},"south":{"uv":[10.5,6.5,11,7],"texture":"#0"},"west":{"uv":[7,10.5,7.5,11],"texture":"#0"},"up":{"uv":[11,7.5,10.5,7],"texture":"#0"},"down":{"uv":[8,10.5,7.5,11],"texture":"#0"}}},{"from":[6.9375,-4.9375,5.9375],"to":[7.2375,-4.625,6.3],"rotation":{"angle":0,"axis":"y","origin":[0,1.5,0]},"faces":{"north":{"uv":[10.5,7.5,11,8],"texture":"#0"},"east":{"uv":[8,10.5,8.5,11],"texture":"#0"},"south":{"uv":[10.5,8,11,8.5],"texture":"#0"},"west":{"uv":[8.5,10.5,9,11],"texture":"#0"},"up":{"uv":[11,9,10.5,8.5],"texture":"#0"},"down":{"uv":[9.5,10.5,9,11],"texture":"#0"}}},{"from":[8.1875,-4.9375,5.9375],"to":[8.4875,-4.625,6.3],"rotation":{"angle":0,"axis":"y","origin":[0,1.5,0]},"faces":{"north":{"uv":[10.5,9,11,9.5],"texture":"#0"},"east":{"uv":[9.5,10.5,10,11],"texture":"#0"},"south":{"uv":[10.5,9.5,11,10],"texture":"#0"},"west":{"uv":[10,10.5,10.5,11],"texture":"#0"},"up":{"uv":[11,10.5,10.5,10],"texture":"#0"},"down":{"uv":[11,10.5,10.5,11],"texture":"#0"}}},{"from":[7.5625,-3.6875,8.4375],"to":[7.8625,-3.375,8.8],"rotation":{"angle":0,"axis":"y","origin":[0,1.5,0]},"faces":{"north":{"uv":[0,11,0.5,11.5],"texture":"#0"},"east":{"uv":[11,0,11.5,0.5],"texture":"#0"},"south":{"uv":[0.5,11,1,11.5],"texture":"#0"},"west":{"uv":[11,0.5,11.5,1],"texture":"#0"},"up":{"uv":[1.5,11.5,1,11],"texture":"#0"},"down":{"uv":[11.5,1,11,1.5],"texture":"#0"}}},{"from":[6.9375,-3.6875,8.25],"to":[7.2375,-3.375,8.6125],"rotation":{"angle":0,"axis":"y","origin":[0,1.5,0]},"faces":{"north":{"uv":[1.5,11,2,11.5],"texture":"#0"},"east":{"uv":[11,1.5,11.5,2],"texture":"#0"},"south":{"uv":[2,11,2.5,11.5],"texture":"#0"},"west":{"uv":[11,2,11.5,2.5],"texture":"#0"},"up":{"uv":[3,11.5,2.5,11],"texture":"#0"},"down":{"uv":[11.5,2.5,11,3],"texture":"#0"}}},{"from":[6.6875,-3.6875,6.125],"to":[6.9875,-3.375,8.425],"rotation":{"angle":0,"axis":"y","origin":[0,1.5,0]},"faces":{"north":{"uv":[3,11,3.5,11.5],"texture":"#0"},"east":{"uv":[6.5,4,7.5,4.5],"texture":"#0"},"south":{"uv":[11,3,11.5,3.5],"texture":"#0"},"west":{"uv":[6.5,4.5,7.5,5],"texture":"#0"},"up":{"uv":[4,7.5,3.5,6.5],"texture":"#0"},"down":{"uv":[7,6,6.5,7],"texture":"#0"}}},{"from":[6.9375,-3.6875,5.9375],"to":[7.2375,-3.375,6.3],"rotation":{"angle":0,"axis":"y","origin":[0,1.5,0]},"faces":{"north":{"uv":[3.5,11,4,11.5],"texture":"#0"},"east":{"uv":[11,3.5,11.5,4],"texture":"#0"},"south":{"uv":[4,11,4.5,11.5],"texture":"#0"},"west":{"uv":[11,4,11.5,4.5],"texture":"#0"},"up":{"uv":[5,11.5,4.5,11],"texture":"#0"},"down":{"uv":[11.5,4.5,11,5],"texture":"#0"}}},{"from":[7.5625,-3.6875,5.8125],"to":[7.8625,-3.375,6.175],"rotation":{"angle":0,"axis":"y","origin":[0,1.5,0]},"faces":{"north":{"uv":[5,11,5.5,11.5],"texture":"#0"},"east":{"uv":[11,5,11.5,5.5],"texture":"#0"},"south":{"uv":[5.5,11,6,11.5],"texture":"#0"},"west":{"uv":[11,5.5,11.5,6],"texture":"#0"},"up":{"uv":[6.5,11.5,6,11],"texture":"#0"},"down":{"uv":[11.5,6,11,6.5],"texture":"#0"}}},{"from":[8.1875,-3.6875,8.25],"to":[8.4875,-3.375,8.6125],"rotation":{"angle":0,"axis":"y","origin":[0,1.5,0]},"faces":{"north":{"uv":[6.5,11,7,11.5],"texture":"#0"},"east":{"uv":[11,6.5,11.5,7],"texture":"#0"},"south":{"uv":[7,11,7.5,11.5],"texture":"#0"},"west":{"uv":[11,7,11.5,7.5],"texture":"#0"},"up":{"uv":[8,11.5,7.5,11],"texture":"#0"},"down":{"uv":[11.5,7.5,11,8],"texture":"#0"}}},{"from":[8.4375,-3.6875,6.125],"to":[8.7375,-3.375,8.425],"rotation":{"angle":0,"axis":"y","origin":[0,1.5,0]},"faces":{"north":{"uv":[8,11,8.5,11.5],"texture":"#0"},"east":{"uv":[0.5,7,1.5,7.5],"texture":"#0"},"south":{"uv":[11,8,11.5,8.5],"texture":"#0"},"west":{"uv":[7,1.5,8,2],"texture":"#0"},"up":{"uv":[2.5,8,2,7],"texture":"#0"},"down":{"uv":[3,7,2.5,8],"texture":"#0"}}},{"from":[8.1875,-3.6875,5.9375],"to":[8.4875,-3.375,6.3],"rotation":{"angle":0,"axis":"y","origin":[0,1.5,0]},"faces":{"north":{"uv":[8.5,11,9,11.5],"texture":"#0"},"east":{"uv":[11,8.5,11.5,9],"texture":"#0"},"south":{"uv":[9,11,9.5,11.5],"texture":"#0"},"west":{"uv":[11,9,11.5,9.5],"texture":"#0"},"up":{"uv":[10,11.5,9.5,11],"texture":"#0"},"down":{"uv":[11.5,9.5,11,10],"texture":"#0"}}},{"from":[7.5625,-2.5625,8.4375],"to":[7.8625,-2.25,8.8],"rotation":{"angle":0,"axis":"y","origin":[0,1.5,0]},"faces":{"north":{"uv":[10,11,10.5,11.5],"texture":"#0"},"east":{"uv":[11,10,11.5,10.5],"texture":"#0"},"south":{"uv":[10.5,11,11,11.5],"texture":"#0"},"west":{"uv":[11,10.5,11.5,11],"texture":"#0"},"up":{"uv":[11.5,11.5,11,11],"texture":"#0"},"down":{"uv":[0.5,11.5,0,12],"texture":"#0"}}},{"from":[6.9375,-2.5625,8.25],"to":[7.2375,-2.25,8.6125],"rotation":{"angle":0,"axis":"y","origin":[0,1.5,0]},"faces":{"north":{"uv":[11.5,0,12,0.5],"texture":"#0"},"east":{"uv":[0.5,11.5,1,12],"texture":"#0"},"south":{"uv":[11.5,0.5,12,1],"texture":"#0"},"west":{"uv":[1,11.5,1.5,12],"texture":"#0"},"up":{"uv":[12,1.5,11.5,1],"texture":"#0"},"down":{"uv":[2,11.5,1.5,12],"texture":"#0"}}},{"from":[6.6875,-2.5625,6.125],"to":[6.9875,-2.25,8.425],"rotation":{"angle":0,"axis":"y","origin":[0,1.5,0]},"faces":{"north":{"uv":[11.5,1.5,12,2],"texture":"#0"},"east":{"uv":[7,2,8,2.5],"texture":"#0"},"south":{"uv":[2,11.5,2.5,12],"texture":"#0"},"west":{"uv":[7,3,8,3.5],"texture":"#0"},"up":{"uv":[7.5,6,7,5],"texture":"#0"},"down":{"uv":[6.5,7,6,8],"texture":"#0"}}},{"from":[6.9375,-2.5625,5.9375],"to":[7.2375,-2.25,6.3],"rotation":{"angle":0,"axis":"y","origin":[0,1.5,0]},"faces":{"north":{"uv":[11.5,2,12,2.5],"texture":"#0"},"east":{"uv":[2.5,11.5,3,12],"texture":"#0"},"south":{"uv":[11.5,2.5,12,3],"texture":"#0"},"west":{"uv":[3,11.5,3.5,12],"texture":"#0"},"up":{"uv":[12,3.5,11.5,3],"texture":"#0"},"down":{"uv":[4,11.5,3.5,12],"texture":"#0"}}},{"from":[7.5625,-2.5625,5.8125],"to":[7.8625,-2.25,6.175],"rotation":{"angle":0,"axis":"y","origin":[0,1.5,0]},"faces":{"north":{"uv":[11.5,3.5,12,4],"texture":"#0"},"east":{"uv":[4,11.5,4.5,12],"texture":"#0"},"south":{"uv":[11.5,4,12,4.5],"texture":"#0"},"west":{"uv":[4.5,11.5,5,12],"texture":"#0"},"up":{"uv":[12,5,11.5,4.5],"texture":"#0"},"down":{"uv":[5.5,11.5,5,12],"texture":"#0"}}},{"from":[8.1875,-2.5625,8.25],"to":[8.4875,-2.25,8.6125],"rotation":{"angle":0,"axis":"y","origin":[0,1.5,0]},"faces":{"north":{"uv":[11.5,5,12,5.5],"texture":"#0"},"east":{"uv":[5.5,11.5,6,12],"texture":"#0"},"south":{"uv":[11.5,5.5,12,6],"texture":"#0"},"west":{"uv":[6,11.5,6.5,12],"texture":"#0"},"up":{"uv":[12,6.5,11.5,6],"texture":"#0"},"down":{"uv":[7,11.5,6.5,12],"texture":"#0"}}},{"from":[8.4375,-2.5625,6.125],"to":[8.7375,-2.25,8.425],"rotation":{"angle":0,"axis":"y","origin":[0,1.5,0]},"faces":{"north":{"uv":[11.5,6.5,12,7],"texture":"#0"},"east":{"uv":[7,3.5,8,4],"texture":"#0"},"south":{"uv":[7,11.5,7.5,12],"texture":"#0"},"west":{"uv":[7,6,8,6.5],"texture":"#0"},"up":{"uv":[7,8,6.5,7],"texture":"#0"},"down":{"uv":[7.5,6.5,7,7.5],"texture":"#0"}}},{"from":[8.1875,-2.5625,5.9375],"to":[8.4875,-2.25,6.3],"rotation":{"angle":0,"axis":"y","origin":[0,1.5,0]},"faces":{"north":{"uv":[11.5,7,12,7.5],"texture":"#0"},"east":{"uv":[7.5,11.5,8,12],"texture":"#0"},"south":{"uv":[11.5,7.5,12,8],"texture":"#0"},"west":{"uv":[8,11.5,8.5,12],"texture":"#0"},"up":{"uv":[12,8.5,11.5,8],"texture":"#0"},"down":{"uv":[9,11.5,8.5,12],"texture":"#0"}}},{"from":[7.5,-6.5,6.875],"to":[7.9875,6.4375,7.675],"rotation":{"angle":0,"axis":"y","origin":[7.74375,12.1875,6.74375]},"faces":{"north":{"uv":[0,0,0.5,6.5],"texture":"#0"},"east":{"uv":[0.5,0,1,6.5],"texture":"#0"},"south":{"uv":[1,0,1.5,6.5],"texture":"#0"},"west":{"uv":[1.5,0,2,6.5],"texture":"#0"},"up":{"uv":[12,9,11.5,8.5],"texture":"#0"},"down":{"uv":[9.5,11.5,9,12],"texture":"#0"}}},{"from":[7.5,6.4375,6.9375],"to":[7.9875,8.4375,7.7375],"rotation":{"angle":0,"axis":"y","origin":[7.74375,12.1875,6.74375]},"faces":{"north":{"uv":[0,7.5,0.5,8.5],"texture":"#0"},"east":{"uv":[0.5,7.5,1,8.5],"texture":"#0"},"south":{"uv":[1,7.5,1.5,8.5],"texture":"#0"},"west":{"uv":[1.5,7.5,2,8.5],"texture":"#0"},"up":{"uv":[12,9.5,11.5,9],"texture":"#0"},"down":{"uv":[10,11.5,9.5,12],"texture":"#0"}}},{"from":[7.5,8.4375,7],"to":[7.9875,10.25,7.8],"rotation":{"angle":0,"axis":"y","origin":[7.74375,12.1875,6.74375]},"faces":{"north":{"uv":[3,7.5,3.5,8.5],"texture":"#0"},"east":{"uv":[3.5,7.5,4,8.5],"texture":"#0"},"south":{"uv":[7.5,4,8,5],"texture":"#0"},"west":{"uv":[7.5,5,8,6],"texture":"#0"},"up":{"uv":[12,10,11.5,9.5],"texture":"#0"},"down":{"uv":[10.5,11.5,10,12],"texture":"#0"}}},{"from":[7.5,10.25,7.0625],"to":[7.9875,11.625,7.8625],"rotation":{"angle":0,"axis":"y","origin":[7.74375,12.1875,6.74375]},"faces":{"north":{"uv":[11.5,10,12,10.5],"texture":"#0"},"east":{"uv":[10.5,11.5,11,12],"texture":"#0"},"south":{"uv":[11.5,10.5,12,11],"texture":"#0"},"west":{"uv":[11,11.5,11.5,12],"texture":"#0"},"up":{"uv":[12,11.5,11.5,11],"texture":"#0"},"down":{"uv":[12,11.5,11.5,12],"texture":"#0"}}},{"from":[7.625,-6.5,6.625],"to":[7.8625,6.4375,6.925],"rotation":{"angle":0,"axis":"y","origin":[7.74375,12.1875,6.74375]},"faces":{"north":{"uv":[2,0,2.5,6.5],"texture":"#0"},"east":{"uv":[2.5,0,3,6.5],"texture":"#0"},"south":{"uv":[3,0,3.5,6.5],"texture":"#0"},"west":{"uv":[3.5,0,4,6.5],"texture":"#0"},"up":{"uv":[0.5,12.5,0,12],"texture":"#0"},"down":{"uv":[12.5,0,12,0.5],"texture":"#0"}}},{"from":[7.625,6.4375,6.6875],"to":[7.8625,8.4375,6.9875],"rotation":{"angle":0,"axis":"y","origin":[7.74375,12.1875,6.74375]},"faces":{"north":{"uv":[7.5,6.5,8,7.5],"texture":"#0"},"east":{"uv":[7,7.5,7.5,8.5],"texture":"#0"},"south":{"uv":[7.5,7.5,8,8.5],"texture":"#0"},"west":{"uv":[8,0,8.5,1],"texture":"#0"},"up":{"uv":[1,12.5,0.5,12],"texture":"#0"},"down":{"uv":[12.5,0.5,12,1],"texture":"#0"}}},{"from":[7.625,8.4375,6.75],"to":[7.8625,10.25,7.05],"rotation":{"angle":0,"axis":"y","origin":[7.74375,12.1875,6.74375]},"faces":{"north":{"uv":[8,1,8.5,2],"texture":"#0"},"east":{"uv":[2,8,2.5,9],"texture":"#0"},"south":{"uv":[8,2,8.5,3],"texture":"#0"},"west":{"uv":[2.5,8,3,9],"texture":"#0"},"up":{"uv":[1.5,12.5,1,12],"texture":"#0"},"down":{"uv":[12.5,1,12,1.5],"texture":"#0"}}},{"from":[7.625,10.25,6.8125],"to":[7.8625,11.625,7.1125],"rotation":{"angle":0,"axis":"y","origin":[7.74375,12.1875,6.74375]},"faces":{"north":{"uv":[1.5,12,2,12.5],"texture":"#0"},"east":{"uv":[12,1.5,12.5,2],"texture":"#0"},"south":{"uv":[2,12,2.5,12.5],"texture":"#0"},"west":{"uv":[12,2,12.5,2.5],"texture":"#0"},"up":{"uv":[3,12.5,2.5,12],"texture":"#0"},"down":{"uv":[12.5,2.5,12,3],"texture":"#0"}}},{"from":[7.4375,-6.5,7.25],"to":[8.05,-6.1875,8.55],"rotation":{"angle":0,"axis":"y","origin":[0,1.5,0]},"faces":{"north":{"uv":[3,12,3.5,12.5],"texture":"#0"},"east":{"uv":[12,3,12.5,3.5],"texture":"#0"},"south":{"uv":[3.5,12,4,12.5],"texture":"#0"},"west":{"uv":[12,3.5,12.5,4],"texture":"#0"},"up":{"uv":[4.5,12.5,4,12],"texture":"#0"},"down":{"uv":[12.5,4,12,4.5],"texture":"#0"}}},{"from":[7.5,-11.375,4.6875],"to":[7.875,-11.1375,5.1875],"rotation":{"angle":-22.5,"axis":"x","origin":[7.6875,-10.75625,4.8125]},"faces":{"north":{"uv":[4.5,12,5,12.5],"texture":"#0"},"east":{"uv":[12,4.5,12.5,5],"texture":"#0"},"south":{"uv":[5,12,5.5,12.5],"texture":"#0"},"west":{"uv":[12,5,12.5,5.5],"texture":"#0"},"up":{"uv":[6,12.5,5.5,12],"texture":"#0"},"down":{"uv":[12.5,5.5,12,6],"texture":"#0"}}},{"from":[7.5,-11.25,5.1875],"to":[7.875,-10.2625,5.4375],"rotation":{"angle":-22.5,"axis":"x","origin":[7.6875,-10.75625,4.8125]},"faces":{"north":{"uv":[6,12,6.5,12.5],"texture":"#0"},"east":{"uv":[12,6,12.5,6.5],"texture":"#0"},"south":{"uv":[6.5,12,7,12.5],"texture":"#0"},"west":{"uv":[12,6.5,12.5,7],"texture":"#0"},"up":{"uv":[7.5,12.5,7,12],"texture":"#0"},"down":{"uv":[12.5,7,12,7.5],"texture":"#0"}}},{"from":[7.375,-10.51375,4.42916],"to":[8,-9.52625,4.67916],"rotation":{"angle":-45,"axis":"x","origin":[7.6875,-10.145,4.49166]},"faces":{"north":{"uv":[7.5,12,8,12.5],"texture":"#0"},"east":{"uv":[12,7.5,12.5,8],"texture":"#0"},"south":{"uv":[8,12,8.5,12.5],"texture":"#0"},"west":{"uv":[12,8,12.5,8.5],"texture":"#0"},"up":{"uv":[9,12.5,8.5,12],"texture":"#0"},"down":{"uv":[12.5,8.5,12,9],"texture":"#0"}}},{"from":[7.375,-9.7075,2.43541],"to":[8,-9.4575,3.42291],"rotation":{"angle":22.5,"axis":"x","origin":[7.6875,-10.145,4.49166]},"faces":{"north":{"uv":[9,12,9.5,12.5],"texture":"#0"},"east":{"uv":[12,9,12.5,9.5],"texture":"#0"},"south":{"uv":[9.5,12,10,12.5],"texture":"#0"},"west":{"uv":[12,9.5,12.5,10],"texture":"#0"},"up":{"uv":[10.5,12.5,10,12],"texture":"#0"},"down":{"uv":[12.5,10,12,10.5],"texture":"#0"}}},{"from":[7.375,-8.94907,2.37255],"to":[8,-8.44907,2.92255],"rotation":{"angle":-22.5,"axis":"x","origin":[7.6875,-8.82407,2.77255]},"faces":{"north":{"uv":[10.5,12,11,12.5],"texture":"#0"},"east":{"uv":[12,10.5,12.5,11],"texture":"#0"},"south":{"uv":[11,12,11.5,12.5],"texture":"#0"},"west":{"uv":[12,11,12.5,11.5],"texture":"#0"},"up":{"uv":[12,12.5,11.5,12],"texture":"#0"},"down":{"uv":[12.5,11.5,12,12],"texture":"#0"}}},{"from":[7.375,-11.95385,5.13627],"to":[8,-10.96635,5.38627],"rotation":{"angle":-22.5,"axis":"x","origin":[7.6875,-11.6476,5.19877]},"faces":{"north":{"uv":[12,12,12.5,12.5],"texture":"#0"},"east":{"uv":[0,12.5,0.5,13],"texture":"#0"},"south":{"uv":[12.5,0,13,0.5],"texture":"#0"},"west":{"uv":[0.5,12.5,1,13],"texture":"#0"},"up":{"uv":[13,1,12.5,0.5],"texture":"#0"},"down":{"uv":[1.5,12.5,1,13],"texture":"#0"}}},{"from":[7.5,-10.375,4.6875],"to":[7.875,-10.1375,5.1875],"rotation":{"angle":-22.5,"axis":"x","origin":[7.6875,-10.75625,4.8125]},"faces":{"north":{"uv":[12.5,1,13,1.5],"texture":"#0"},"east":{"uv":[1.5,12.5,2,13],"texture":"#0"},"south":{"uv":[12.5,1.5,13,2],"texture":"#0"},"west":{"uv":[2,12.5,2.5,13],"texture":"#0"},"up":{"uv":[13,2.5,12.5,2],"texture":"#0"},"down":{"uv":[3,12.5,2.5,13],"texture":"#0"}}},{"from":[7.5,-11.25,4.4375],"to":[7.875,-10.2625,4.6875],"rotation":{"angle":-22.5,"axis":"x","origin":[7.6875,-10.75625,4.8125]},"faces":{"north":{"uv":[12.5,2.5,13,3],"texture":"#0"},"east":{"uv":[3,12.5,3.5,13],"texture":"#0"},"south":{"uv":[12.5,3,13,3.5],"texture":"#0"},"west":{"uv":[3.5,12.5,4,13],"texture":"#0"},"up":{"uv":[13,4,12.5,3.5],"texture":"#0"},"down":{"uv":[4.5,12.5,4,13],"texture":"#0"}}},{"from":[7.5,-9.58538,4.00829],"to":[7.875,-8.59788,4.25829],"rotation":{"angle":-45,"axis":"x","origin":[7.6875,-9.09163,4.25829]},"faces":{"north":{"uv":[12.5,4,13,4.5],"texture":"#0"},"east":{"uv":[4.5,12.5,5,13],"texture":"#0"},"south":{"uv":[12.5,4.5,13,5],"texture":"#0"},"west":{"uv":[5,12.5,5.5,13],"texture":"#0"},"up":{"uv":[13,5.5,12.5,5],"texture":"#0"},"down":{"uv":[6,12.5,5.5,13],"texture":"#0"}}},{"from":[7.5,-9.71038,3.50829],"to":[7.875,-9.47288,4.00829],"rotation":{"angle":-45,"axis":"x","origin":[7.6875,-9.09163,4.25829]},"faces":{"north":{"uv":[12.5,5.5,13,6],"texture":"#0"},"east":{"uv":[6,12.5,6.5,13],"texture":"#0"},"south":{"uv":[12.5,6,13,6.5],"texture":"#0"},"west":{"uv":[6.5,12.5,7,13],"texture":"#0"},"up":{"uv":[13,7,12.5,6.5],"texture":"#0"},"down":{"uv":[7.5,12.5,7,13],"texture":"#0"}}},{"from":[7.5,-9.58538,3.25829],"to":[7.875,-8.59788,3.50829],"rotation":{"angle":-45,"axis":"x","origin":[7.6875,-9.09163,4.25829]},"faces":{"north":{"uv":[12.5,7,13,7.5],"texture":"#0"},"east":{"uv":[7.5,12.5,8,13],"texture":"#0"},"south":{"uv":[12.5,7.5,13,8],"texture":"#0"},"west":{"uv":[8,12.5,8.5,13],"texture":"#0"},"up":{"uv":[13,8.5,12.5,8],"texture":"#0"},"down":{"uv":[9,12.5,8.5,13],"texture":"#0"}}},{"from":[7.5,-8.71038,3.50829],"to":[7.875,-8.47288,4.00829],"rotation":{"angle":-45,"axis":"x","origin":[7.6875,-9.09163,4.25829]},"faces":{"north":{"uv":[12.5,8.5,13,9],"texture":"#0"},"east":{"uv":[9,12.5,9.5,13],"texture":"#0"},"south":{"uv":[12.5,9,13,9.5],"texture":"#0"},"west":{"uv":[9.5,12.5,10,13],"texture":"#0"},"up":{"uv":[13,10,12.5,9.5],"texture":"#0"},"down":{"uv":[10.5,12.5,10,13],"texture":"#0"}}},{"from":[7.5,-12.9375,5.1875],"to":[7.875,-12.7,5.6875],"rotation":{"angle":0,"axis":"y","origin":[0,1.5,0]},"faces":{"north":{"uv":[12.5,10,13,10.5],"texture":"#0"},"east":{"uv":[10.5,12.5,11,13],"texture":"#0"},"south":{"uv":[12.5,10.5,13,11],"texture":"#0"},"west":{"uv":[11,12.5,11.5,13],"texture":"#0"},"up":{"uv":[13,11.5,12.5,11],"texture":"#0"},"down":{"uv":[12,12.5,11.5,13],"texture":"#0"}}},{"from":[7.5,-12.8125,5.6875],"to":[7.875,-11.825,5.9375],"rotation":{"angle":0,"axis":"y","origin":[0,1.5,0]},"faces":{"north":{"uv":[12.5,11.5,13,12],"texture":"#0"},"east":{"uv":[12,12.5,12.5,13],"texture":"#0"},"south":{"uv":[12.5,12,13,12.5],"texture":"#0"},"west":{"uv":[12.5,12.5,13,13],"texture":"#0"},"up":{"uv":[0.5,13.5,0,13],"texture":"#0"},"down":{"uv":[13.5,0,13,0.5],"texture":"#0"}}},{"from":[7.5,-11.9375,5.1875],"to":[7.875,-11.7,5.6875],"rotation":{"angle":0,"axis":"y","origin":[0,1.5,0]},"faces":{"north":{"uv":[0.5,13,1,13.5],"texture":"#0"},"east":{"uv":[13,0.5,13.5,1],"texture":"#0"},"south":{"uv":[1,13,1.5,13.5],"texture":"#0"},"west":{"uv":[13,1,13.5,1.5],"texture":"#0"},"up":{"uv":[2,13.5,1.5,13],"texture":"#0"},"down":{"uv":[13.5,1.5,13,2],"texture":"#0"}}},{"from":[7.5,-12.8125,4.9375],"to":[7.875,-11.825,5.1875],"rotation":{"angle":0,"axis":"y","origin":[0,1.5,0]},"faces":{"north":{"uv":[2,13,2.5,13.5],"texture":"#0"},"east":{"uv":[13,2,13.5,2.5],"texture":"#0"},"south":{"uv":[2.5,13,3,13.5],"texture":"#0"},"west":{"uv":[13,2.5,13.5,3],"texture":"#0"},"up":{"uv":[3.5,13.5,3,13],"texture":"#0"},"down":{"uv":[13.5,3,13,3.5],"texture":"#0"}}},{"from":[7.4375,-6.1875,7.4375],"to":[8.05,-5.875,8.425],"rotation":{"angle":0,"axis":"y","origin":[0,1.5,0]},"faces":{"north":{"uv":[3.5,13,4,13.5],"texture":"#0"},"east":{"uv":[13,3.5,13.5,4],"texture":"#0"},"south":{"uv":[4,13,4.5,13.5],"texture":"#0"},"west":{"uv":[13,4,13.5,4.5],"texture":"#0"},"up":{"uv":[5,13.5,4.5,13],"texture":"#0"},"down":{"uv":[13.5,4.5,13,5],"texture":"#0"}}},{"from":[7.4375,-5.875,7.4375],"to":[8.05,-5.5625,8.3625],"rotation":{"angle":0,"axis":"y","origin":[0,1.5,0]},"faces":{"north":{"uv":[5,13,5.5,13.5],"texture":"#0"},"east":{"uv":[13,5,13.5,5.5],"texture":"#0"},"south":{"uv":[5.5,13,6,13.5],"texture":"#0"},"west":{"uv":[13,5.5,13.5,6],"texture":"#0"},"up":{"uv":[6.5,13.5,6,13],"texture":"#0"},"down":{"uv":[13.5,6,13,6.5],"texture":"#0"}}},{"from":[7.4375,-5.5625,7.375],"to":[8.05,-4.3125,8.05],"rotation":{"angle":0,"axis":"y","origin":[0,1.5,0]},"faces":{"north":{"uv":[6.5,13,7,13.5],"texture":"#0"},"east":{"uv":[13,6.5,13.5,7],"texture":"#0"},"south":{"uv":[7,13,7.5,13.5],"texture":"#0"},"west":{"uv":[13,7,13.5,7.5],"texture":"#0"},"up":{"uv":[8,13.5,7.5,13],"texture":"#0"},"down":{"uv":[13.5,7.5,13,8],"texture":"#0"}}},{"from":[7.4375,-4.375,7.625],"to":[8.05,6.4375,7.8625],"rotation":{"angle":0,"axis":"y","origin":[0,1.5,0]},"faces":{"north":{"uv":[4,0,4.5,5.5],"texture":"#0"},"east":{"uv":[4.5,0,5,5.5],"texture":"#0"},"south":{"uv":[5,0,5.5,5.5],"texture":"#0"},"west":{"uv":[5.5,0,6,5.5],"texture":"#0"},"up":{"uv":[8.5,13.5,8,13],"texture":"#0"},"down":{"uv":[13.5,8,13,8.5],"texture":"#0"}}},{"from":[7.4375,6.4375,7.6875],"to":[8.05,8.4375,7.925],"rotation":{"angle":0,"axis":"y","origin":[0,1.5,0]},"faces":{"north":{"uv":[8,3,8.5,4],"texture":"#0"},"east":{"uv":[8,4,8.5,5],"texture":"#0"},"south":{"uv":[8,5,8.5,6],"texture":"#0"},"west":{"uv":[6,8,6.5,9],"texture":"#0"},"up":{"uv":[9,13.5,8.5,13],"texture":"#0"},"down":{"uv":[13.5,8.5,13,9],"texture":"#0"}}},{"from":[7.4375,8.4375,7.75],"to":[8.05,10.25,7.9875],"rotation":{"angle":0,"axis":"y","origin":[0,1.5,0]},"faces":{"north":{"uv":[8,6,8.5,7],"texture":"#0"},"east":{"uv":[6.5,8,7,9],"texture":"#0"},"south":{"uv":[8,7,8.5,8],"texture":"#0"},"west":{"uv":[8,8,8.5,9],"texture":"#0"},"up":{"uv":[9.5,13.5,9,13],"texture":"#0"},"down":{"uv":[13.5,9,13,9.5],"texture":"#0"}}},{"from":[7.4375,10.25,7.8125],"to":[8.05,11.625,8.05],"rotation":{"angle":0,"axis":"y","origin":[0,1.5,0]},"faces":{"north":{"uv":[9.5,13,10,13.5],"texture":"#0"},"east":{"uv":[13,9.5,13.5,10],"texture":"#0"},"south":{"uv":[10,13,10.5,13.5],"texture":"#0"},"west":{"uv":[13,10,13.5,10.5],"texture":"#0"},"up":{"uv":[11,13.5,10.5,13],"texture":"#0"},"down":{"uv":[13.5,10.5,13,11],"texture":"#0"}}},{"from":[7.4375,11.625,7.875],"to":[8.05,12.875,8.1125],"rotation":{"angle":0,"axis":"y","origin":[0,1.5,0]},"faces":{"north":{"uv":[11,13,11.5,13.5],"texture":"#0"},"east":{"uv":[13,11,13.5,11.5],"texture":"#0"},"south":{"uv":[11.5,13,12,13.5],"texture":"#0"},"west":{"uv":[13,11.5,13.5,12],"texture":"#0"},"up":{"uv":[12.5,13.5,12,13],"texture":"#0"},"down":{"uv":[13.5,12,13,12.5],"texture":"#0"}}},{"from":[7.625,11.625,6.875],"to":[7.8625,12.875,7.175],"rotation":{"angle":0,"axis":"y","origin":[7.74375,12.1875,6.74375]},"faces":{"north":{"uv":[12.5,13,13,13.5],"texture":"#0"},"east":{"uv":[13,12.5,13.5,13],"texture":"#0"},"south":{"uv":[13,13,13.5,13.5],"texture":"#0"},"west":{"uv":[0,13.5,0.5,14],"texture":"#0"},"up":{"uv":[14,0.5,13.5,0],"texture":"#0"},"down":{"uv":[1,13.5,0.5,14],"texture":"#0"}}},{"from":[7.5,11.625,7.125],"to":[7.9875,12.875,7.925],"rotation":{"angle":0,"axis":"y","origin":[7.74375,12.1875,6.74375]},"faces":{"north":{"uv":[13.5,0.5,14,1],"texture":"#0"},"east":{"uv":[1,13.5,1.5,14],"texture":"#0"},"south":{"uv":[13.5,1,14,1.5],"texture":"#0"},"west":{"uv":[1.5,13.5,2,14],"texture":"#0"},"up":{"uv":[14,2,13.5,1.5],"texture":"#0"},"down":{"uv":[2.5,13.5,2,14],"texture":"#0"}}},{"from":[7.4375,12.875,7.9375],"to":[8.05,13.9375,8.175],"rotation":{"angle":0,"axis":"y","origin":[0,1.5,0]},"faces":{"north":{"uv":[13.5,2,14,2.5],"texture":"#0"},"east":{"uv":[2.5,13.5,3,14],"texture":"#0"},"south":{"uv":[13.5,2.5,14,3],"texture":"#0"},"west":{"uv":[3,13.5,3.5,14],"texture":"#0"},"up":{"uv":[14,3.5,13.5,3],"texture":"#0"},"down":{"uv":[4,13.5,3.5,14],"texture":"#0"}}},{"from":[7.625,12.875,6.9375],"to":[7.8625,13.9375,7.2375],"rotation":{"angle":0,"axis":"y","origin":[7.74375,12.1875,6.74375]},"faces":{"north":{"uv":[13.5,3.5,14,4],"texture":"#0"},"east":{"uv":[4,13.5,4.5,14],"texture":"#0"},"south":{"uv":[13.5,4,14,4.5],"texture":"#0"},"west":{"uv":[4.5,13.5,5,14],"texture":"#0"},"up":{"uv":[14,5,13.5,4.5],"texture":"#0"},"down":{"uv":[5.5,13.5,5,14],"texture":"#0"}}},{"from":[7.5,12.875,7.1875],"to":[7.9875,13.9375,7.9875],"rotation":{"angle":0,"axis":"y","origin":[7.74375,12.1875,6.74375]},"faces":{"north":{"uv":[13.5,5,14,5.5],"texture":"#0"},"east":{"uv":[5.5,13.5,6,14],"texture":"#0"},"south":{"uv":[13.5,5.5,14,6],"texture":"#0"},"west":{"uv":[6,13.5,6.5,14],"texture":"#0"},"up":{"uv":[14,6.5,13.5,6],"texture":"#0"},"down":{"uv":[7,13.5,6.5,14],"texture":"#0"}}},{"from":[7.4375,13.9375,8],"to":[8.05,14.875,8.2375],"rotation":{"angle":0,"axis":"y","origin":[0,1.5,0]},"faces":{"north":{"uv":[13.5,6.5,14,7],"texture":"#0"},"east":{"uv":[7,13.5,7.5,14],"texture":"#0"},"south":{"uv":[13.5,7,14,7.5],"texture":"#0"},"west":{"uv":[7.5,13.5,8,14],"texture":"#0"},"up":{"uv":[14,8,13.5,7.5],"texture":"#0"},"down":{"uv":[8.5,13.5,8,14],"texture":"#0"}}},{"from":[7.625,13.9375,7],"to":[7.8625,14.875,7.3],"rotation":{"angle":0,"axis":"y","origin":[7.74375,12.1875,6.74375]},"faces":{"north":{"uv":[13.5,8,14,8.5],"texture":"#0"},"east":{"uv":[8.5,13.5,9,14],"texture":"#0"},"south":{"uv":[13.5,8.5,14,9],"texture":"#0"},"west":{"uv":[9,13.5,9.5,14],"texture":"#0"},"up":{"uv":[14,9.5,13.5,9],"texture":"#0"},"down":{"uv":[10,13.5,9.5,14],"texture":"#0"}}},{"from":[7.5,13.9375,7.25],"to":[7.9875,14.875,8.05],"rotation":{"angle":0,"axis":"y","origin":[7.74375,12.1875,6.74375]},"faces":{"north":{"uv":[13.5,9.5,14,10],"texture":"#0"},"east":{"uv":[10,13.5,10.5,14],"texture":"#0"},"south":{"uv":[13.5,10,14,10.5],"texture":"#0"},"west":{"uv":[10.5,13.5,11,14],"texture":"#0"},"up":{"uv":[14,11,13.5,10.5],"texture":"#0"},"down":{"uv":[11.5,13.5,11,14],"texture":"#0"}}},{"from":[7.4375,14.875,8.0625],"to":[8.05,15.6875,8.3],"rotation":{"angle":0,"axis":"y","origin":[0,1.5,0]},"faces":{"north":{"uv":[13.5,11,14,11.5],"texture":"#0"},"east":{"uv":[11.5,13.5,12,14],"texture":"#0"},"south":{"uv":[13.5,11.5,14,12],"texture":"#0"},"west":{"uv":[12,13.5,12.5,14],"texture":"#0"},"up":{"uv":[14,12.5,13.5,12],"texture":"#0"},"down":{"uv":[13,13.5,12.5,14],"texture":"#0"}}},{"from":[7.5,14.875,7.3125],"to":[7.9875,15.6875,8.1125],"rotation":{"angle":0,"axis":"y","origin":[7.74375,12.1875,6.74375]},"faces":{"north":{"uv":[13.5,12.5,14,13],"texture":"#0"},"east":{"uv":[13,13.5,13.5,14],"texture":"#0"},"south":{"uv":[13.5,13,14,13.5],"texture":"#0"},"west":{"uv":[13.5,13.5,14,14],"texture":"#0"},"up":{"uv":[0.5,14.5,0,14],"texture":"#0"},"down":{"uv":[14.5,0,14,0.5],"texture":"#0"}}},{"from":[7.625,14.875,7.0625],"to":[7.8625,15.6875,7.3625],"rotation":{"angle":0,"axis":"y","origin":[7.74375,12.1875,6.74375]},"faces":{"north":{"uv":[0.5,14,1,14.5],"texture":"#0"},"east":{"uv":[14,0.5,14.5,1],"texture":"#0"},"south":{"uv":[1,14,1.5,14.5],"texture":"#0"},"west":{"uv":[14,1,14.5,1.5],"texture":"#0"},"up":{"uv":[2,14.5,1.5,14],"texture":"#0"},"down":{"uv":[14.5,1.5,14,2],"texture":"#0"}}},{"from":[7.4375,15.6875,8.125],"to":[8.05,16.5,8.3625],"rotation":{"angle":0,"axis":"y","origin":[0,1.5,0]},"faces":{"north":{"uv":[2,14,2.5,14.5],"texture":"#0"},"east":{"uv":[14,2,14.5,2.5],"texture":"#0"},"south":{"uv":[2.5,14,3,14.5],"texture":"#0"},"west":{"uv":[14,2.5,14.5,3],"texture":"#0"},"up":{"uv":[3.5,14.5,3,14],"texture":"#0"},"down":{"uv":[14.5,3,14,3.5],"texture":"#0"}}},{"from":[7.5,15.6875,7.375],"to":[7.9875,16.5,8.175],"rotation":{"angle":0,"axis":"y","origin":[7.74375,12.1875,6.74375]},"faces":{"north":{"uv":[3.5,14,4,14.5],"texture":"#0"},"east":{"uv":[14,3.5,14.5,4],"texture":"#0"},"south":{"uv":[4,14,4.5,14.5],"texture":"#0"},"west":{"uv":[14,4,14.5,4.5],"texture":"#0"},"up":{"uv":[5,14.5,4.5,14],"texture":"#0"},"down":{"uv":[14.5,4.5,14,5],"texture":"#0"}}},{"from":[7.625,15.6875,7.125],"to":[7.8625,16.5,7.425],"rotation":{"angle":0,"axis":"y","origin":[7.74375,12.1875,6.74375]},"faces":{"north":{"uv":[5,14,5.5,14.5],"texture":"#0"},"east":{"uv":[14,5,14.5,5.5],"texture":"#0"},"south":{"uv":[5.5,14,6,14.5],"texture":"#0"},"west":{"uv":[14,5.5,14.5,6],"texture":"#0"},"up":{"uv":[6.5,14.5,6,14],"texture":"#0"},"down":{"uv":[14.5,6,14,6.5],"texture":"#0"}}},{"from":[7.4375,16.5,8.1875],"to":[8.05,17.3125,8.425],"rotation":{"angle":0,"axis":"y","origin":[0,1.5,0]},"faces":{"north":{"uv":[6.5,14,7,14.5],"texture":"#0"},"east":{"uv":[14,6.5,14.5,7],"texture":"#0"},"south":{"uv":[7,14,7.5,14.5],"texture":"#0"},"west":{"uv":[14,7,14.5,7.5],"texture":"#0"},"up":{"uv":[8,14.5,7.5,14],"texture":"#0"},"down":{"uv":[14.5,7.5,14,8],"texture":"#0"}}},{"from":[7.5,16.5,7.4375],"to":[7.9875,17.3125,8.2375],"rotation":{"angle":0,"axis":"y","origin":[7.74375,12.1875,6.74375]},"faces":{"north":{"uv":[8,14,8.5,14.5],"texture":"#0"},"east":{"uv":[14,8,14.5,8.5],"texture":"#0"},"south":{"uv":[8.5,14,9,14.5],"texture":"#0"},"west":{"uv":[14,8.5,14.5,9],"texture":"#0"},"up":{"uv":[9.5,14.5,9,14],"texture":"#0"},"down":{"uv":[14.5,9,14,9.5],"texture":"#0"}}},{"from":[7.625,16.5,7.1875],"to":[7.8625,17.3125,7.4875],"rotation":{"angle":0,"axis":"y","origin":[7.74375,12.1875,6.74375]},"faces":{"north":{"uv":[9.5,14,10,14.5],"texture":"#0"},"east":{"uv":[14,9.5,14.5,10],"texture":"#0"},"south":{"uv":[10,14,10.5,14.5],"texture":"#0"},"west":{"uv":[14,10,14.5,10.5],"texture":"#0"},"up":{"uv":[11,14.5,10.5,14],"texture":"#0"},"down":{"uv":[14.5,10.5,14,11],"texture":"#0"}}},{"from":[7.4375,17.3125,8.25],"to":[8.05,18.125,8.4875],"rotation":{"angle":0,"axis":"y","origin":[0,1.5,0]},"faces":{"north":{"uv":[11,14,11.5,14.5],"texture":"#0"},"east":{"uv":[14,11,14.5,11.5],"texture":"#0"},"south":{"uv":[11.5,14,12,14.5],"texture":"#0"},"west":{"uv":[14,11.5,14.5,12],"texture":"#0"},"up":{"uv":[12.5,14.5,12,14],"texture":"#0"},"down":{"uv":[14.5,12,14,12.5],"texture":"#0"}}},{"from":[7.5,17.3125,7.5],"to":[7.9875,18.125,8.3],"rotation":{"angle":0,"axis":"y","origin":[7.74375,12.1875,6.74375]},"faces":{"north":{"uv":[12.5,14,13,14.5],"texture":"#0"},"east":{"uv":[14,12.5,14.5,13],"texture":"#0"},"south":{"uv":[13,14,13.5,14.5],"texture":"#0"},"west":{"uv":[14,13,14.5,13.5],"texture":"#0"},"up":{"uv":[14,14.5,13.5,14],"texture":"#0"},"down":{"uv":[14.5,13.5,14,14],"texture":"#0"}}},{"from":[7.625,17.3125,7.25],"to":[7.8625,18.125,7.55],"rotation":{"angle":0,"axis":"y","origin":[7.74375,12.1875,6.74375]},"faces":{"north":{"uv":[14,14,14.5,14.5],"texture":"#0"},"east":{"uv":[0,14.5,0.5,15],"texture":"#0"},"south":{"uv":[14.5,0,15,0.5],"texture":"#0"},"west":{"uv":[0.5,14.5,1,15],"texture":"#0"},"up":{"uv":[15,1,14.5,0.5],"texture":"#0"},"down":{"uv":[1.5,14.5,1,15],"texture":"#0"}}},{"from":[7.4375,18.125,8.3125],"to":[8.05,18.9375,8.55],"rotation":{"angle":0,"axis":"y","origin":[0,1.5,0]},"faces":{"north":{"uv":[14.5,1,15,1.5],"texture":"#0"},"east":{"uv":[1.5,14.5,2,15],"texture":"#0"},"south":{"uv":[14.5,1.5,15,2],"texture":"#0"},"west":{"uv":[2,14.5,2.5,15],"texture":"#0"},"up":{"uv":[15,2.5,14.5,2],"texture":"#0"},"down":{"uv":[3,14.5,2.5,15],"texture":"#0"}}},{"from":[7.5,18.125,7.5625],"to":[7.9875,18.9375,8.3625],"rotation":{"angle":0,"axis":"y","origin":[7.74375,12.1875,6.74375]},"faces":{"north":{"uv":[14.5,2.5,15,3],"texture":"#0"},"east":{"uv":[3,14.5,3.5,15],"texture":"#0"},"south":{"uv":[14.5,3,15,3.5],"texture":"#0"},"west":{"uv":[3.5,14.5,4,15],"texture":"#0"},"up":{"uv":[15,4,14.5,3.5],"texture":"#0"},"down":{"uv":[4.5,14.5,4,15],"texture":"#0"}}},{"from":[7.625,18.125,7.3125],"to":[7.8625,18.9375,7.6125],"rotation":{"angle":0,"axis":"y","origin":[7.74375,12.1875,6.74375]},"faces":{"north":{"uv":[14.5,4,15,4.5],"texture":"#0"},"east":{"uv":[4.5,14.5,5,15],"texture":"#0"},"south":{"uv":[14.5,4.5,15,5],"texture":"#0"},"west":{"uv":[5,14.5,5.5,15],"texture":"#0"},"up":{"uv":[15,5.5,14.5,5],"texture":"#0"},"down":{"uv":[6,14.5,5.5,15],"texture":"#0"}}},{"from":[7.4375,18.9375,8.375],"to":[8.05,19.75,8.6125],"rotation":{"angle":0,"axis":"y","origin":[0,1.5,0]},"faces":{"north":{"uv":[14.5,5.5,15,6],"texture":"#0"},"east":{"uv":[6,14.5,6.5,15],"texture":"#0"},"south":{"uv":[14.5,6,15,6.5],"texture":"#0"},"west":{"uv":[6.5,14.5,7,15],"texture":"#0"},"up":{"uv":[15,7,14.5,6.5],"texture":"#0"},"down":{"uv":[7.5,14.5,7,15],"texture":"#0"}}},{"from":[7.5,18.9375,7.625],"to":[7.9875,19.75,8.425],"rotation":{"angle":0,"axis":"y","origin":[7.74375,12.1875,6.74375]},"faces":{"north":{"uv":[14.5,7,15,7.5],"texture":"#0"},"east":{"uv":[7.5,14.5,8,15],"texture":"#0"},"south":{"uv":[14.5,7.5,15,8],"texture":"#0"},"west":{"uv":[8,14.5,8.5,15],"texture":"#0"},"up":{"uv":[15,8.5,14.5,8],"texture":"#0"},"down":{"uv":[9,14.5,8.5,15],"texture":"#0"}}},{"from":[7.625,18.9375,7.375],"to":[7.8625,19.75,7.675],"rotation":{"angle":0,"axis":"y","origin":[7.74375,12.1875,6.74375]},"faces":{"north":{"uv":[14.5,8.5,15,9],"texture":"#0"},"east":{"uv":[9,14.5,9.5,15],"texture":"#0"},"south":{"uv":[14.5,9,15,9.5],"texture":"#0"},"west":{"uv":[9.5,14.5,10,15],"texture":"#0"},"up":{"uv":[15,10,14.5,9.5],"texture":"#0"},"down":{"uv":[10.5,14.5,10,15],"texture":"#0"}}},{"from":[7.4375,19.75,8.4375],"to":[8.05,21.6875,8.675],"rotation":{"angle":0,"axis":"y","origin":[0,1.5,0]},"faces":{"north":{"uv":[0,8.5,0.5,9.5],"texture":"#0"},"east":{"uv":[8.5,0,9,1],"texture":"#0"},"south":{"uv":[0.5,8.5,1,9.5],"texture":"#0"},"west":{"uv":[1,8.5,1.5,9.5],"texture":"#0"},"up":{"uv":[15,10.5,14.5,10],"texture":"#0"},"down":{"uv":[11,14.5,10.5,15],"texture":"#0"}}},{"from":[7.5,19.75,7.6875],"to":[7.9875,21.3125,7.925],"rotation":{"angle":0,"axis":"y","origin":[7.74375,12.1875,6.74375]},"faces":{"north":{"uv":[8.5,1,9,2],"texture":"#0"},"east":{"uv":[1.5,8.5,2,9.5],"texture":"#0"},"south":{"uv":[8.5,2,9,3],"texture":"#0"},"west":{"uv":[3,8.5,3.5,9.5],"texture":"#0"},"up":{"uv":[15,11,14.5,10.5],"texture":"#0"},"down":{"uv":[11.5,14.5,11,15],"texture":"#0"}}},{"from":[7.5,19.75,7.9375],"to":[7.9875,21.5,8.175],"rotation":{"angle":0,"axis":"y","origin":[7.74375,12.1875,6.74375]},"faces":{"north":{"uv":[8.5,3,9,4],"texture":"#0"},"east":{"uv":[3.5,8.5,4,9.5],"texture":"#0"},"south":{"uv":[4,8.5,4.5,9.5],"texture":"#0"},"west":{"uv":[8.5,4,9,5],"texture":"#0"},"up":{"uv":[15,11.5,14.5,11],"texture":"#0"},"down":{"uv":[12,14.5,11.5,15],"texture":"#0"}}},{"from":[7.5,19.75,8.1875],"to":[7.9875,21.625,8.4875],"rotation":{"angle":0,"axis":"y","origin":[7.74375,12.1875,6.74375]},"faces":{"north":{"uv":[4.5,8.5,5,9.5],"texture":"#0"},"east":{"uv":[5,8.5,5.5,9.5],"texture":"#0"},"south":{"uv":[8.5,5,9,6],"texture":"#0"},"west":{"uv":[5.5,8.5,6,9.5],"texture":"#0"},"up":{"uv":[15,12,14.5,11.5],"texture":"#0"},"down":{"uv":[12.5,14.5,12,15],"texture":"#0"}}},{"from":[7.625,19.75,7.4375],"to":[7.8625,21,7.7375],"rotation":{"angle":0,"axis":"y","origin":[7.74375,12.1875,6.74375]},"faces":{"north":{"uv":[14.5,12,15,12.5],"texture":"#0"},"east":{"uv":[12.5,14.5,13,15],"texture":"#0"},"south":{"uv":[14.5,12.5,15,13],"texture":"#0"},"west":{"uv":[13,14.5,13.5,15],"texture":"#0"},"up":{"uv":[15,13.5,14.5,13],"texture":"#0"},"down":{"uv":[14,14.5,13.5,15],"texture":"#0"}}},{"from":[7.25,-15,6.625],"to":[8.25,-14,7.625],"faces":{"north":{"uv":[14.5,13.5,15,14],"texture":"#0"},"east":{"uv":[14,14.5,14.5,15],"texture":"#0"},"south":{"uv":[14.5,14,15,14.5],"texture":"#0"},"west":{"uv":[14.5,14.5,15,15],"texture":"#0"},"up":{"uv":[0.5,15.5,0,15],"texture":"#0"},"down":{"uv":[15.5,0,15,0.5],"texture":"#0"}}},{"from":[7.375,-14.3125,6.1875],"to":[8.125,-13.6125,6.7875],"faces":{"north":{"uv":[0.5,15,1,15.5],"texture":"#0"},"east":{"uv":[15,0.5,15.5,1],"texture":"#0"},"south":{"uv":[1,15,1.5,15.5],"texture":"#0"},"west":{"uv":[15,1,15.5,1.5],"texture":"#0"},"up":{"uv":[2,15.5,1.5,15],"texture":"#0"},"down":{"uv":[15.5,1.5,15,2],"texture":"#0"}}},{"from":[7.5,-13.9375,5.625],"to":[8,-13.3875,6.25],"faces":{"north":{"uv":[2,15,2.5,15.5],"texture":"#0"},"east":{"uv":[15,2,15.5,2.5],"texture":"#0"},"south":{"uv":[2.5,15,3,15.5],"texture":"#0"},"west":{"uv":[15,2.5,15.5,3],"texture":"#0"},"up":{"uv":[3.5,15.5,3,15],"texture":"#0"},"down":{"uv":[15.5,3,15,3.5],"texture":"#0"}}},{"from":[7.5625,-12.125,4.875],"to":[7.9375,-11.625,5.8125],"rotation":{"angle":45,"axis":"x","origin":[7.775,-12.875,3.775]},"faces":{"north":{"uv":[3.5,15,4,15.5],"texture":"#0"},"east":{"uv":[15,3.5,15.5,4],"texture":"#0"},"south":{"uv":[4,15,4.5,15.5],"texture":"#0"},"west":{"uv":[15,4,15.5,4.5],"texture":"#0"},"up":{"uv":[5,15.5,4.5,15],"texture":"#0"},"down":{"uv":[15.5,4.5,15,5],"texture":"#0"}}}],"display":{"thirdperson_righthand":{"translation":[0,20.75,2],"scale":[1.2,1.2,1.2]},"thirdperson_lefthand":{"translation":[-1,16.5,1.5]},"firstperson_righthand":{"translation":[4,13.75,0]},"firstperson_lefthand":{"translation":[4,13.5,0]},"ground":{"translation":[0,19.75,0]},"gui":{"rotation":[-76.18,-49.17,100.59],"translation":[-2,-2.25,0],"scale":[0.6,0.6,0.6]},"head":{"rotation":[-79.61,-67.21,96.82],"translation":[0,-21.75,6.5],"scale":[1.8,1.8,1.8]},"fixed":{"rotation":[0,0,-89.5],"translation":[6.25,0,-13],"scale":[2.5,2.5,2.5]}}}