{"credit":"Made with Blockbench","textures":{"0":"zen_armas:zencraft/mangodiscordia","1":"zen_armas:zencraft/paladiscordia","particle":"zen_armas:zencraft/mangodiscordia"},"elements":[{"from":[7.55,0,7.55],"to":[8.3,17.2,8.3],"faces":{"north":{"uv":[0,0,0.5,8.5],"texture":"#0"},"east":{"uv":[0.5,0,1,8.5],"texture":"#0"},"south":{"uv":[1,0,1.5,8.5],"texture":"#0"},"west":{"uv":[1.5,0,2,8.5],"texture":"#0"},"up":{"uv":[6.5,8,6,7.5],"texture":"#0"},"down":{"uv":[8.5,2,8,2.5],"texture":"#0"}}},{"from":[7.45,8,7.25],"to":[8.4,13.2,8.6],"faces":{"north":{"uv":[4.5,5.5,5,8],"texture":"#0"},"east":{"uv":[3.5,5.5,4.25,8],"texture":"#0"},"south":{"uv":[6.5,0,7,2.5],"texture":"#0"},"west":{"uv":[5.5,5,6.25,7.5],"texture":"#0"},"up":{"uv":[9,8.75,8.5,8],"texture":"#0"},"down":{"uv":[9.5,0,9,0.75],"texture":"#0"}}},{"from":[7.35,15.2,6.95],"to":[8.5,16.2,7.95],"rotation":{"angle":45,"axis":"x","origin":[7.925,15,7.45]},"faces":{"north":{"uv":[4.5,8,5,8.5],"texture":"#0"},"east":{"uv":[6.5,9,7,9.5],"texture":"#0"},"south":{"uv":[7,9,7.5,9.5],"texture":"#0"},"west":{"uv":[9,7,9.5,7.5],"texture":"#0"},"up":{"uv":[9.5,8,9,7.5],"texture":"#0"},"down":{"uv":[9.5,8,9,8.5],"texture":"#0"}}},{"from":[7.35,14.2,7.95],"to":[8.5,15.2,8.95],"rotation":{"angle":45,"axis":"x","origin":[7.925,15,7.45]},"faces":{"north":{"uv":[8.5,9,9,9.5],"texture":"#0"},"east":{"uv":[9,8.5,9.5,9],"texture":"#0"},"south":{"uv":[9,9,9.5,9.5],"texture":"#0"},"west":{"uv":[0,9.5,0.5,10],"texture":"#0"},"up":{"uv":[10,0.5,9.5,0],"texture":"#0"},"down":{"uv":[1,9.5,0.5,10],"texture":"#0"}}},{"from":[7.35,9.2,12.95],"to":[8.5,10.2,13.95],"rotation":{"angle":45,"axis":"x","origin":[7.925,15,7.45]},"faces":{"north":{"uv":[9.5,0.5,10,1],"texture":"#0"},"east":{"uv":[1,9.5,1.5,10],"texture":"#0"},"south":{"uv":[9.5,1,10,1.5],"texture":"#0"},"west":{"uv":[1.5,9.5,2,10],"texture":"#0"},"up":{"uv":[10,2,9.5,1.5],"texture":"#0"},"down":{"uv":[10,2,9.5,2.5],"texture":"#0"}}},{"from":[7.35,8.2,13.95],"to":[8.5,9.2,14.95],"rotation":{"angle":45,"axis":"x","origin":[7.925,15,7.45]},"faces":{"north":{"uv":[2.5,9.5,3,10],"texture":"#0"},"east":{"uv":[9.5,2.5,10,3],"texture":"#0"},"south":{"uv":[3,9.5,3.5,10],"texture":"#0"},"west":{"uv":[9.5,3,10,3.5],"texture":"#0"},"up":{"uv":[10,4,9.5,3.5],"texture":"#0"},"down":{"uv":[10,4,9.5,4.5],"texture":"#0"}}},{"from":[7.35,4.2,16.95],"to":[8.5,6.2,18.95],"rotation":{"angle":45,"axis":"x","origin":[7.925,15,7.45]},"faces":{"north":{"uv":[5,6.5,5.5,7.5],"texture":"#0"},"east":{"uv":[7,1.5,8,2.5],"texture":"#0"},"south":{"uv":[7,8,7.5,9],"texture":"#0"},"west":{"uv":[6.5,7,7.5,8],"texture":"#0"},"up":{"uv":[9,6,8.5,5],"texture":"#0"},"down":{"uv":[6,8.5,5.5,9.5],"texture":"#0"}}},{"from":[7.15,16.2,4.95],"to":[8.7,18.2,6.95],"rotation":{"angle":45,"axis":"x","origin":[7.925,15,7.45]},"faces":{"north":{"uv":[8,1,8.75,2],"texture":"#0"},"east":{"uv":[7.5,2.5,8.5,3.5],"texture":"#0"},"south":{"uv":[3.5,8,4.25,9],"texture":"#0"},"west":{"uv":[7.5,3.5,8.5,4.5],"texture":"#0"},"up":{"uv":[6.75,9,6,8],"texture":"#0"},"down":{"uv":[0.75,8.5,0,9.5],"texture":"#0"}}},{"from":[7.05,17.2,2.95],"to":[8.8,20.2,5.95],"rotation":{"angle":45,"axis":"x","origin":[7.925,15,7.45]},"faces":{"north":{"uv":[6.5,2.5,7.25,4],"texture":"#0"},"east":{"uv":[2,4,3.5,5.5],"texture":"#0"},"south":{"uv":[6.5,4,7.25,5.5],"texture":"#0"},"west":{"uv":[3.5,4,5,5.5],"texture":"#0"},"up":{"uv":[7.25,7,6.5,5.5],"texture":"#0"},"down":{"uv":[7.75,0,7,1.5],"texture":"#0"}}},{"from":[6.95,17.6,3.35],"to":[8.9,19.8,5.55],"rotation":{"angle":45,"axis":"x","origin":[7.925,15,7.45]},"faces":{"north":{"uv":[7.5,4.5,8.5,5.5],"texture":"#0"},"east":{"uv":[5,7.5,6,8.5],"texture":"#0"},"south":{"uv":[7.5,5.5,8.5,6.5],"texture":"#0"},"west":{"uv":[7.5,6.5,8.5,7.5],"texture":"#0"},"up":{"uv":[8.5,8.5,7.5,7.5],"texture":"#0"},"down":{"uv":[9,0,8,1],"texture":"#0"}}},{"from":[7.5,20,6.1],"to":[8.4,23.2,9.8],"faces":{"north":{"uv":[2,6,3,9],"texture":"#1"},"east":{"uv":[0,0,3.5,3],"texture":"#1"},"south":{"uv":[3,6,4,9],"texture":"#1"},"west":{"uv":[0,3,3.5,6],"texture":"#1"},"up":{"uv":[1,9.5,0,6],"texture":"#1"},"down":{"uv":[2,6,1,9.5],"texture":"#1"}}},{"from":[7.6,22,5.6],"to":[8.3,24.6,8.2],"rotation":{"angle":-45,"axis":"x","origin":[0.5,24.5,7.6]},"faces":{"north":{"uv":[4,6,4.5,8.5],"texture":"#1"},"east":{"uv":[4,0,6.5,2.5],"texture":"#1"},"south":{"uv":[5,6,5.5,8.5],"texture":"#1"},"west":{"uv":[4,3,6.5,5.5],"texture":"#1"},"up":{"uv":[6.5,8.5,6,6],"texture":"#1"},"down":{"uv":[7.5,0,7,2.5],"texture":"#1"}}},{"from":[7.8,19.5,5.9],"to":[8.1,20,6.4],"rotation":{"angle":-45,"axis":"x","origin":[0.5,24.5,7.6]},"faces":{"north":{"uv":[7,3,7.5,3.5],"texture":"#1"},"east":{"uv":[7,4,7.5,4.5],"texture":"#1"},"south":{"uv":[7,5,7.5,5.5],"texture":"#1"},"west":{"uv":[7,6,7.5,6.5],"texture":"#1"},"up":{"uv":[7.5,7.5,7,7],"texture":"#1"},"down":{"uv":[8.5,0,8,0.5],"texture":"#1"}}},{"from":[7.8,19,6.1],"to":[8.1,19.5,6.6],"rotation":{"angle":-45,"axis":"x","origin":[0.5,24.5,7.6]},"faces":{"north":{"uv":[8,1,8.5,1.5],"texture":"#1"},"east":{"uv":[8,2,8.5,2.5],"texture":"#1"},"south":{"uv":[8,3,8.5,3.5],"texture":"#1"},"west":{"uv":[8,4,8.5,4.5],"texture":"#1"},"up":{"uv":[8.5,5.5,8,5],"texture":"#1"},"down":{"uv":[8.5,6,8,6.5],"texture":"#1"}}},{"from":[7.8,18.5,5.9],"to":[8.1,19,6.4],"rotation":{"angle":-45,"axis":"x","origin":[0.5,24.5,7.6]},"faces":{"north":{"uv":[7,8,7.5,8.5],"texture":"#1"},"east":{"uv":[8,7,8.5,7.5],"texture":"#1"},"south":{"uv":[8,8,8.5,8.5],"texture":"#1"},"west":{"uv":[9,0,9.5,0.5],"texture":"#1"},"up":{"uv":[9.5,1.5,9,1],"texture":"#1"},"down":{"uv":[2.5,9,2,9.5],"texture":"#1"}}},{"from":[7.8,18,5.5],"to":[8.1,18.5,6],"rotation":{"angle":-45,"axis":"x","origin":[0.5,24.5,7.6]},"faces":{"north":{"uv":[9,2,9.5,2.5],"texture":"#1"},"east":{"uv":[3,9,3.5,9.5],"texture":"#1"},"south":{"uv":[9,3,9.5,3.5],"texture":"#1"},"west":{"uv":[4,9,4.5,9.5],"texture":"#1"},"up":{"uv":[9.5,4.5,9,4],"texture":"#1"},"down":{"uv":[5.5,9,5,9.5],"texture":"#1"}}},{"from":[7.8,18,4.7],"to":[8.1,18.5,5.2],"rotation":{"angle":-45,"axis":"x","origin":[0.5,24.5,7.6]},"faces":{"north":{"uv":[9,5,9.5,5.5],"texture":"#1"},"east":{"uv":[6,9,6.5,9.5],"texture":"#1"},"south":{"uv":[9,6,9.5,6.5],"texture":"#1"},"west":{"uv":[7,9,7.5,9.5],"texture":"#1"},"up":{"uv":[9.5,7.5,9,7],"texture":"#1"},"down":{"uv":[8.5,9,8,9.5],"texture":"#1"}}},{"from":[7.8,22.3,3.1],"to":[8.1,22.8,3.6],"rotation":{"angle":-45,"axis":"x","origin":[0.5,24.5,7.6]},"faces":{"north":{"uv":[9,8,9.5,8.5],"texture":"#1"},"east":{"uv":[9,9,9.5,9.5],"texture":"#1"},"south":{"uv":[0,10,0.5,10.5],"texture":"#1"},"west":{"uv":[10,0,10.5,0.5],"texture":"#1"},"up":{"uv":[1.5,10.5,1,10],"texture":"#1"},"down":{"uv":[10.5,1,10,1.5],"texture":"#1"}}},{"from":[7.8,22.5,2.6],"to":[8.1,23,3.1],"rotation":{"angle":-45,"axis":"x","origin":[0.5,24.5,7.6]},"faces":{"north":{"uv":[2,10,2.5,10.5],"texture":"#1"},"east":{"uv":[10,2,10.5,2.5],"texture":"#1"},"south":{"uv":[3,10,3.5,10.5],"texture":"#1"},"west":{"uv":[10,3,10.5,3.5],"texture":"#1"},"up":{"uv":[4.5,10.5,4,10],"texture":"#1"},"down":{"uv":[10.5,4,10,4.5],"texture":"#1"}}},{"from":[7.8,22.3,2.1],"to":[8.1,22.8,2.6],"rotation":{"angle":-45,"axis":"x","origin":[0.5,24.5,7.6]},"faces":{"north":{"uv":[5,10,5.5,10.5],"texture":"#1"},"east":{"uv":[10,5,10.5,5.5],"texture":"#1"},"south":{"uv":[6,10,6.5,10.5],"texture":"#1"},"west":{"uv":[10,6,10.5,6.5],"texture":"#1"},"up":{"uv":[7.5,10.5,7,10],"texture":"#1"},"down":{"uv":[10.5,7,10,7.5],"texture":"#1"}}},{"from":[7.8,21.9,1.6],"to":[8.1,22.4,2.1],"rotation":{"angle":-45,"axis":"x","origin":[0.5,24.5,7.6]},"faces":{"north":{"uv":[8,10,8.5,10.5],"texture":"#1"},"east":{"uv":[10,8,10.5,8.5],"texture":"#1"},"south":{"uv":[9,10,9.5,10.5],"texture":"#1"},"west":{"uv":[10,9,10.5,9.5],"texture":"#1"},"up":{"uv":[10.5,10.5,10,10],"texture":"#1"},"down":{"uv":[0.5,11,0,11.5],"texture":"#1"}}},{"from":[7.8,21.1,1.6],"to":[8.1,21.6,2.1],"rotation":{"angle":-45,"axis":"x","origin":[0.5,24.5,7.6]},"faces":{"north":{"uv":[11,0,11.5,0.5],"texture":"#1"},"east":{"uv":[1,11,1.5,11.5],"texture":"#1"},"south":{"uv":[11,1,11.5,1.5],"texture":"#1"},"west":{"uv":[2,11,2.5,11.5],"texture":"#1"},"up":{"uv":[11.5,2.5,11,2],"texture":"#1"},"down":{"uv":[3.5,11,3,11.5],"texture":"#1"}}}],"display":{"thirdperson_righthand":{"translation":[-0.5,2.5,2]},"thirdperson_lefthand":{"translation":[0,2.75,1.25]},"firstperson_righthand":{"translation":[2.75,1.5,0]},"firstperson_lefthand":{"translation":[2.75,1.5,0]},"ground":{"translation":[0,5.75,0]},"gui":{"rotation":[83.51,45,-85.33],"translation":[-1.75,-2,0],"scale":[0.8,0.8,0.8]},"head":{"rotation":[0,90,0],"translation":[0,-11,8],"scale":[1.5,1.5,1.5]},"fixed":{"rotation":[-180,88.5,-180],"translation":[0,0,-1.5]}}}