{"credit":"MadewithBlockbench","texture_size":[128,128],"textures":{"11":"funkos:logo-zencraft/texture","13":"funkos:funkos_anime/naruto/obito"},"elements":[{"name":"Right","from":[-8,0,2],"to":[-7,20,5],"rotation":{"angle":0,"axis":"y","origin":[-1,0,0]},"faces":{"north":{"uv":[6.375,7,6.5,9.5],"texture":"#13"},"east":{"uv":[5.5,6.125,5.875,8.625],"texture":"#13"},"south":{"uv":[1.5,7.125,1.625,9.625],"texture":"#13"},"west":{"uv":[3,6.5,3.375,9],"texture":"#13"},"up":{"uv":[3.625,8.25,3.5,7.875],"texture":"#13"},"down":{"uv":[3.75,7.875,3.625,8.25],"texture":"#13"}}},{"name":"Back","from":[-8,0,5],"to":[7.025,20,6.05],"rotation":{"angle":0,"axis":"y","origin":[-1,0,0]},"faces":{"north":{"uv":[0,0,1.875,2.5],"texture":"#13"},"east":{"uv":[1.625,7.125,1.75,9.625],"texture":"#13"},"south":{"uv":[1.875,0,3.75,2.5],"texture":"#13"},"west":{"uv":[1.75,7.125,1.875,9.625],"texture":"#13"},"up":{"uv":[8.875,0.75,7,0.625],"texture":"#13"},"down":{"uv":[8.875,3.25,7,3.375],"texture":"#13"}}},{"name":"Body","from":[-4,1,-1],"to":[0,8,1],"rotation":{"angle":0,"axis":"y","origin":[-1,0,0]},"faces":{"north":{"uv":[4,7,4.5,7.875],"texture":"#13"},"east":{"uv":[4.875,7.125,5.125,8],"texture":"#13"},"south":{"uv":[5.875,7,6.375,7.875],"texture":"#13"},"west":{"uv":[5.125,7.125,5.375,8],"texture":"#13"},"up":{"uv":[2.75,5.25,2.25,5],"texture":"#13"},"down":{"uv":[7.875,3.375,7.375,3.625],"texture":"#13"}}},{"name":"Left-Hand","from":[0,4,-1],"to":[2,8,1],"rotation":{"angle":0,"axis":"y","origin":[-1,0,0]},"faces":{"north":{"uv":[6.625,1.75,6.875,2.25],"texture":"#13"},"east":{"uv":[2,7.5,2.25,8],"texture":"#13"},"south":{"uv":[2.25,7.5,2.5,8],"texture":"#13"},"west":{"uv":[2.5,7.5,2.75,8],"texture":"#13"},"up":{"uv":[3,5.25,2.75,5],"texture":"#13"},"down":{"uv":[2.25,6.125,2,6.375],"texture":"#13"}}},{"name":"Left-Hand","from":[-6,4,-1],"to":[-4,8,1],"rotation":{"angle":0,"axis":"y","origin":[17,0,0]},"faces":{"north":{"uv":[2.75,7.5,3,8],"texture":"#13"},"east":{"uv":[7.5,5.375,7.75,5.875],"texture":"#13"},"south":{"uv":[7.5,5.875,7.75,6.375],"texture":"#13"},"west":{"uv":[7.5,6.375,7.75,6.875],"texture":"#13"},"up":{"uv":[7.625,3.875,7.375,3.625],"texture":"#13"},"down":{"uv":[7.875,3.625,7.625,3.875],"texture":"#13"}}},{"name":"pelo","from":[2.825,6,-6.125],"to":[7.1,13.1,-6.125],"faces":{"north":{"uv":[6.625,0.75,7.15625,1.64063],"texture":"#13"},"east":{"uv":[0,0,0,0.89063],"texture":"#13"},"south":{"uv":[6.5,6.875,7.03125,7.76563],"texture":"#13"},"west":{"uv":[0,0,0,0.89063],"texture":"#13"},"up":{"uv":[0.53125,0,0,0],"texture":"#13"},"down":{"uv":[0.53125,0,0,0],"texture":"#13"}}},{"from":[4.5,0,-6.025],"to":[7.1,6,-6.025],"faces":{"north":{"uv":[5.625,0.75,5.95313,1.5],"texture":"#13"},"east":{"uv":[0,0,0,0.75],"texture":"#13"},"south":{"uv":[4.5,7.125,4.82813,7.875],"texture":"#13"},"west":{"uv":[0,0,0,0.75],"texture":"#13"},"up":{"uv":[0.32813,0,0,0],"texture":"#13"},"down":{"uv":[0.32813,0,0,0],"texture":"#13"}}},{"from":[3,6,-6.025],"to":[7.1,13,-6.025],"faces":{"north":{"uv":[7,1.75,7.51563,2.625],"texture":"#13"},"east":{"uv":[0,0,0,0.875],"texture":"#13"},"south":{"uv":[3.375,7,3.89063,7.875],"texture":"#13"},"west":{"uv":[0,0,0,0.875],"texture":"#13"},"up":{"uv":[0.51563,0,0,0],"texture":"#13"},"down":{"uv":[0.51563,0,0,0],"texture":"#13"}}},{"from":[3.2,0,-6.025],"to":[4.5,5.675,-6.025],"faces":{"north":{"uv":[7.75,5.375,7.90625,6.07813],"texture":"#13"},"east":{"uv":[0,0,0,0.70313],"texture":"#13"},"south":{"uv":[7.75,6.125,7.90625,6.82813],"texture":"#13"},"west":{"uv":[0,0,0,0.70313],"texture":"#13"},"up":{"uv":[0.15625,0,0,0],"texture":"#13"},"down":{"uv":[0.15625,0,0,0],"texture":"#13"}}},{"name":"Right","from":[-8.025,-0.025,-6],"to":[-7,3.975,2],"rotation":{"angle":0,"axis":"y","origin":[-1,0,0]},"faces":{"north":{"uv":[4.375,6.5,4.5,7],"texture":"#13"},"east":{"uv":[3.375,6.5,4.375,7],"texture":"#13"},"south":{"uv":[6.875,1.75,7,2.25],"texture":"#13"},"west":{"uv":[6.5,5.375,7.5,5.875],"texture":"#13"},"up":{"uv":[4.875,2.5,4.75,1.5],"texture":"#13"},"down":{"uv":[7.75,1.625,7.625,2.625],"texture":"#13"}}},{"name":"Front","from":[-8,0,-6],"to":[3,4,-5],"rotation":{"angle":0,"axis":"y","origin":[-1,0,0]},"faces":{"north":{"uv":[6,3.375,7.375,3.875],"texture":"#13"},"east":{"uv":[7.75,0,7.875,0.5],"texture":"#13"},"south":{"uv":[6.5,3.875,7.875,4.375],"texture":"#13"},"west":{"uv":[7.75,2.625,7.875,3.125],"texture":"#13"},"up":{"uv":[6.25,4,4.875,3.875],"texture":"#13"},"down":{"uv":[8.625,1.25,7.25,1.375],"texture":"#13"}}},{"name":"Front","from":[2,0,-6],"to":[7,13,-5],"rotation":{"angle":0,"axis":"y","origin":[-1,0,0]},"faces":{"north":{"uv":[5.875,5.375,6.5,7],"texture":"#13"},"east":{"uv":[1.875,7.125,2,8.75],"texture":"#13"},"south":{"uv":[6,0.75,6.625,2.375],"texture":"#13"},"west":{"uv":[5.375,7.125,5.5,8.75],"texture":"#13"},"up":{"uv":[5.5,3.875,4.875,3.75],"texture":"#13"},"down":{"uv":[2.875,5.25,2.25,5.375],"texture":"#13"}}},{"name":"Front","from":[3,13,-6],"to":[7.025,20.025,-5],"rotation":{"angle":0,"axis":"y","origin":[-1,0,0]},"faces":{"north":{"uv":[0,7.125,0.5,8],"texture":"#13"},"east":{"uv":[7.75,7.375,7.875,8.25],"texture":"#13"},"south":{"uv":[0.5,7.125,1,8],"texture":"#13"},"west":{"uv":[7.875,1.625,8,2.5],"texture":"#13"},"up":{"uv":[6,3.875,5.5,3.75],"texture":"#13"},"down":{"uv":[8.25,0.5,7.75,0.625],"texture":"#13"}}},{"name":"Front","from":[-7.975,16,-6],"to":[3.025,20,-5],"rotation":{"angle":0,"axis":"y","origin":[-1,0,0]},"faces":{"north":{"uv":[6.5,4.375,7.875,4.875],"texture":"#13"},"east":{"uv":[7.875,0,8,0.5],"texture":"#13"},"south":{"uv":[6.5,4.875,7.875,5.375],"texture":"#13"},"west":{"uv":[7.875,2.5,8,3],"texture":"#13"},"up":{"uv":[8.625,1.5,7.25,1.375],"texture":"#13"},"down":{"uv":[8.625,1.5,7.25,1.625],"texture":"#13"}}},{"name":"Right","from":[-8,16,-5.95],"to":[-7,20,2],"rotation":{"angle":0,"axis":"y","origin":[-1,0,0]},"faces":{"north":{"uv":[3.375,7.875,3.5,8.375],"texture":"#13"},"east":{"uv":[6.5,5.875,7.5,6.375],"texture":"#13"},"south":{"uv":[7.875,3.375,8,3.875],"texture":"#13"},"west":{"uv":[6.5,6.375,7.5,6.875],"texture":"#13"},"up":{"uv":[7.75,8.375,7.625,7.375],"texture":"#13"},"down":{"uv":[7.875,1.625,7.75,2.625],"texture":"#13"}}},{"name":"Left","from":[6,0.025,-5.975],"to":[7.1,20.025,6],"rotation":{"angle":0,"axis":"y","origin":[-1,0,0]},"faces":{"north":{"uv":[1,7.125,1.14063,9.625],"texture":"#13"},"east":{"uv":[0,2.5,1.5,5],"texture":"#13"},"south":{"uv":[1.25,7.125,1.39063,9.625],"texture":"#13"},"west":{"uv":[1.5,2.5,3,5],"texture":"#13"},"up":{"uv":[7.26563,8.875,7.125,7.375],"texture":"#13"},"down":{"uv":[7.51563,7.375,7.375,8.875],"texture":"#13"}}},{"name":"Top","from":[-7.1,19,-5.025],"to":[5.975,20.1,5.225],"rotation":{"angle":0,"axis":"y","origin":[-1,0,0]},"faces":{"north":{"uv":[7.125,6.875,8.76563,7.01563],"texture":"#13"},"east":{"uv":[7.25,0.75,8.53125,0.89063],"texture":"#13"},"south":{"uv":[7.125,7.125,8.76563,7.26563],"texture":"#13"},"west":{"uv":[7.25,1,8.53125,1.14063],"texture":"#13"},"up":{"uv":[4.64063,5.28125,3,4],"texture":"#13"},"down":{"uv":[6.39063,4,4.75,5.28125],"texture":"#13"}}},{"name":"Botton","from":[-7.875,0,-5.925],"to":[7.075,0.175,6],"rotation":{"angle":0,"axis":"y","origin":[-1,0,0]},"faces":{"north":{"uv":[7.75,3.125,9.625,3.14063],"texture":"#13"},"east":{"uv":[7.875,3.875,9.35938,3.89063],"texture":"#13"},"south":{"uv":[7.875,3,9.75,3.01563],"texture":"#13"},"west":{"uv":[7.875,4,9.35938,4.01563],"texture":"#13"},"up":{"uv":[4.875,3.98438,3,2.5],"texture":"#13"},"down":{"uv":[5.625,0,3.75,1.48438],"texture":"#13"}}},{"name":"logoDragonBall","from":[7.15,13,-2.9],"to":[7.15,17.2,3],"rotation":{"angle":0,"axis":"y","origin":[7.1,5.1,0]},"faces":{"north":{"uv":[0,0,0,0.53125],"texture":"#13"},"east":{"uv":[7,0,7.73438,0.53125],"texture":"#13"},"south":{"uv":[0,0,0,0.53125],"texture":"#13"},"west":{"uv":[7,2.625,7.73438,3.15625],"texture":"#13"},"up":{"uv":[0,0.73438,0,0],"texture":"#13"},"down":{"uv":[0,0,0,0.73438],"texture":"#13"}}},{"from":[-6,20.125,-2.9],"to":[5,20.125,3.1],"rotation":{"angle":0,"axis":"y","origin":[-0.5,20.125,0.1]},"faces":{"north":{"uv":[0,0,1.375,0],"texture":"#13"},"east":{"uv":[0,0,0.75,0],"texture":"#13"},"south":{"uv":[0,0,1.375,0],"texture":"#13"},"west":{"uv":[0,0,0.75,0],"texture":"#13"},"up":{"uv":[5.875,6.125,4.5,5.375],"texture":"#13"},"down":{"uv":[7,0,5.625,0.75],"texture":"#13"}}},{"name":"Head","from":[-6,8,-4],"to":[2,16,4],"faces":{"north":{"uv":[3.75,1.5,4.75,2.5],"texture":"#13"},"east":{"uv":[6,2.375,7,3.375],"texture":"#13"},"south":{"uv":[0,6.125,1,7.125],"texture":"#13"},"west":{"uv":[1,6.125,2,7.125],"texture":"#13"},"up":{"uv":[5.5,7.125,4.5,6.125],"texture":"#13"},"down":{"uv":[3,6.5,2,7.5],"texture":"#13"}}},{"name":"HatLayer","from":[-6.25,7.75,-4.25],"to":[2.25,16,4.5],"faces":{"north":{"uv":[2.25,5.375,3.3125,6.40625],"texture":"#13"},"east":{"uv":[0,5,1.09375,6.03125],"texture":"#13"},"south":{"uv":[3.375,5.375,4.4375,6.40625],"texture":"#13"},"west":{"uv":[1.125,5,2.21875,6.03125],"texture":"#13"},"up":{"uv":[5.9375,2.59375,4.875,1.5],"texture":"#13"},"down":{"uv":[5.9375,2.625,4.875,3.71875],"texture":"#13"}}},{"from":[7.2,3,-4],"to":[7.2,11,4],"faces":{"north":{"uv":[0,0,0,4],"texture":"#11"},"east":{"uv":[0.6875,0,7.5,7.9375],"texture":"#11"},"south":{"uv":[0,0,0,4],"texture":"#11"},"west":{"uv":[0.6875,0,7.5,7.9375],"texture":"#11"},"up":{"uv":[0,0,0,4],"texture":"#11"},"down":{"uv":[0,0,0,4],"texture":"#11"}}}],"display":{"thirdperson_righthand":{"translation":[5.75,0,1],"scale":[0.61,0.61,0.61]},"thirdperson_lefthand":{"translation":[-5.25,0,1.5],"scale":[0.61,0.61,0.61]},"firstperson_righthand":{"translation":[8.5,0,0],"scale":[0.61,0.61,0.61]},"firstperson_lefthand":{"translation":[-2,0,0],"scale":[0.61,0.61,0.61]},"gui":{"rotation":[180,23,180],"translation":[-4.25,-1.5,0],"scale":[0.79,0.79,0.79]},"head":{"rotation":[0,180,0],"translation":[-8.25,-35.25,-8]},"fixed":{"rotation":[-90,0,0],"translation":[15.25,16,-14.75],"scale":[1.75,1.75,1.75]}}}