{"credit":"MadewithBlockbench","texture_size":[128,128],"textures":{"1":"funkos:logo-zencraft/texture","2":"funkos:funkos_anime/funko_vegetta","particle":"funkos:logo-zencraft/texture"},"elements":[{"name":"logoDragonBall","from":[7.15,11,-3.9],"to":[7.15,17.2,4],"rotation":{"angle":0,"axis":"x","origin":[7.1,5.1,0]},"faces":{"north":{"uv":[0,0,0,0.78125],"texture":"#2"},"east":{"uv":[3.375,6.5,4.35938,7.28125],"texture":"#2"},"south":{"uv":[0,0,0,0.78125],"texture":"#2"},"west":{"uv":[6.5,3.375,7.48438,4.15625],"texture":"#2"},"up":{"uv":[0,0.98438,0,0],"texture":"#2"},"down":{"uv":[0,0,0,0.98438],"texture":"#2"}}},{"from":[-6,20.125,-2.9],"to":[5,20.125,3.1],"rotation":{"angle":0,"axis":"y","origin":[-0.5,20.125,0.1]},"faces":{"north":{"uv":[0,0,1.375,0],"texture":"#2"},"east":{"uv":[0,0,0.75,0],"texture":"#2"},"south":{"uv":[0,0,1.375,0],"texture":"#2"},"west":{"uv":[0,0,0.75,0],"texture":"#2"},"up":{"uv":[5.875,6.125,4.5,5.375],"texture":"#2"},"down":{"uv":[7,0,5.625,0.75],"texture":"#2"}}},{"from":[3.2,0,-6.025],"to":[4.5,5.5,-6.025],"faces":{"north":{"uv":[7.625,7.625,7.78125,8.3125],"texture":"#2"},"east":{"uv":[0,0,0,0.6875],"texture":"#2"},"south":{"uv":[7.75,6.25,7.90625,6.9375],"texture":"#2"},"west":{"uv":[0,0,0,0.6875],"texture":"#2"},"up":{"uv":[0.15625,0,0,0],"texture":"#2"},"down":{"uv":[0.15625,0,0,0],"texture":"#2"}}},{"from":[4.5,0,-6.025],"to":[7.1,6,-6.025],"faces":{"north":{"uv":[5.625,0.75,5.95313,1.5],"texture":"#2"},"east":{"uv":[0,0,0,0.75],"texture":"#2"},"south":{"uv":[7,0,7.32813,0.75],"texture":"#2"},"west":{"uv":[0,0,0,0.75],"texture":"#2"},"up":{"uv":[0.32813,0,0,0],"texture":"#2"},"down":{"uv":[0.32813,0,0,0],"texture":"#2"}}},{"from":[2.7,6.3,-6.125],"to":[7.1,13.3,-6.125],"faces":{"north":{"uv":[6.5,6.75,7.04688,7.625],"texture":"#2"},"east":{"uv":[0,0,0,0.875],"texture":"#2"},"south":{"uv":[7,2.25,7.54688,3.125],"texture":"#2"},"west":{"uv":[0,0,0,0.875],"texture":"#2"},"up":{"uv":[0.54688,0,0,0],"texture":"#2"},"down":{"uv":[0.54688,0,0,0],"texture":"#2"}}},{"from":[3,6,-6.025],"to":[7.1,13,-6.025],"faces":{"north":{"uv":[5.875,7,6.39063,7.875],"texture":"#2"},"east":{"uv":[0,0,0,0.875],"texture":"#2"},"south":{"uv":[0,7.125,0.51563,8],"texture":"#2"},"west":{"uv":[0,0,0,0.875],"texture":"#2"},"up":{"uv":[0.51563,0,0,0],"texture":"#2"},"down":{"uv":[0.51563,0,0,0],"texture":"#2"}}},{"name":"Head","from":[-6,8,-4],"to":[2,16,4],"faces":{"north":{"uv":[3.75,1.5,4.75,2.5],"texture":"#2"},"east":{"uv":[6,2.375,7,3.375],"texture":"#2"},"south":{"uv":[0,6.125,1,7.125],"texture":"#2"},"west":{"uv":[1,6.125,2,7.125],"texture":"#2"},"up":{"uv":[5.5,7.125,4.5,6.125],"texture":"#2"},"down":{"uv":[3,6.5,2,7.5],"texture":"#2"}}},{"name":"HatLayer","from":[-6.5,7,-4.5],"to":[2.5,16,4.5],"faces":{"north":{"uv":[4.875,1.5,6,2.625],"texture":"#2"},"east":{"uv":[4.875,2.625,6,3.75],"texture":"#2"},"south":{"uv":[0,5,1.125,6.125],"texture":"#2"},"west":{"uv":[1.125,5,2.25,6.125],"texture":"#2"},"up":{"uv":[3.375,6.5,2.25,5.375],"texture":"#2"},"down":{"uv":[4.5,5.375,3.375,6.5],"texture":"#2"}}},{"name":"Body","from":[-4,1,-1],"to":[0,8,1],"rotation":{"angle":0,"axis":"y","origin":[-1,0,0]},"faces":{"north":{"uv":[0.625,7.125,1.125,8],"texture":"#2"},"east":{"uv":[3.625,7.375,3.875,8.25],"texture":"#2"},"south":{"uv":[1.125,7.125,1.625,8],"texture":"#2"},"west":{"uv":[3.875,7.375,4.125,8.25],"texture":"#2"},"up":{"uv":[2.75,5.25,2.25,5],"texture":"#2"},"down":{"uv":[6.5,3.375,6,3.625],"texture":"#2"}}},{"name":"Left-Hand","from":[0,4,-1],"to":[2,8,1],"rotation":{"angle":0,"axis":"y","origin":[-1,0,0]},"faces":{"north":{"uv":[2.25,7.5,2.5,8],"texture":"#2"},"east":{"uv":[2.5,7.5,2.75,8],"texture":"#2"},"south":{"uv":[2.75,7.5,3,8],"texture":"#2"},"west":{"uv":[7.5,6.25,7.75,6.75],"texture":"#2"},"up":{"uv":[3,5.25,2.75,5],"texture":"#2"},"down":{"uv":[2.25,6.125,2,6.375],"texture":"#2"}}},{"name":"Right-Hand","from":[-6,4,-1],"to":[-4,8,1],"rotation":{"angle":0,"axis":"y","origin":[-1,0,0]},"faces":{"north":{"uv":[7.625,0.75,7.875,1.25],"texture":"#2"},"east":{"uv":[7.625,1.25,7.875,1.75],"texture":"#2"},"south":{"uv":[7.625,1.75,7.875,2.25],"texture":"#2"},"west":{"uv":[7.625,2.25,7.875,2.75],"texture":"#2"},"up":{"uv":[6.5,3.875,6.25,3.625],"texture":"#2"},"down":{"uv":[7.75,4,7.5,4.25],"texture":"#2"}}},{"name":"Front","from":[2,0,-6],"to":[7,13,-5],"rotation":{"angle":0,"axis":"y","origin":[-1,0,0]},"faces":{"north":{"uv":[5.875,5.375,6.5,7],"texture":"#2"},"east":{"uv":[2,7.5,2.125,9.125],"texture":"#2"},"south":{"uv":[6,0.75,6.625,2.375],"texture":"#2"},"west":{"uv":[2.125,7.5,2.25,9.125],"texture":"#2"},"up":{"uv":[2.875,5.375,2.25,5.25],"texture":"#2"},"down":{"uv":[8.125,3.875,7.5,4],"texture":"#2"}}},{"name":"Front","from":[-7.975,16,-6],"to":[3.025,20,-5],"rotation":{"angle":0,"axis":"y","origin":[-1,0,0]},"faces":{"north":{"uv":[6.5,4.25,7.875,4.75],"texture":"#2"},"east":{"uv":[4.375,6.5,4.5,7],"texture":"#2"},"south":{"uv":[6.5,4.75,7.875,5.25],"texture":"#2"},"west":{"uv":[7,7.625,7.125,8.125],"texture":"#2"},"up":{"uv":[8.875,3.5,7.5,3.375],"texture":"#2"},"down":{"uv":[8.875,3.5,7.5,3.625],"texture":"#2"}}},{"name":"Front","from":[-8,0,-6],"to":[3,4,-5],"rotation":{"angle":0,"axis":"y","origin":[-1,0,0]},"faces":{"north":{"uv":[6.5,5.25,7.875,5.75],"texture":"#2"},"east":{"uv":[7.75,7,7.875,7.5],"texture":"#2"},"south":{"uv":[6.5,5.75,7.875,6.25],"texture":"#2"},"west":{"uv":[7.875,0.75,8,1.25],"texture":"#2"},"up":{"uv":[8.875,3.75,7.5,3.625],"texture":"#2"},"down":{"uv":[8.875,3.75,7.5,3.875],"texture":"#2"}}},{"name":"Front","from":[3,13,-6],"to":[7.025,20.025,-5],"rotation":{"angle":0,"axis":"y","origin":[-1,0,0]},"faces":{"north":{"uv":[4.375,7.125,4.875,8],"texture":"#2"},"east":{"uv":[7.625,6.75,7.75,7.625],"texture":"#2"},"south":{"uv":[4.875,7.125,5.375,8],"texture":"#2"},"west":{"uv":[6.875,7.625,7,8.5],"texture":"#2"},"up":{"uv":[8.125,2.875,7.625,2.75],"texture":"#2"},"down":{"uv":[8.125,2.875,7.625,3],"texture":"#2"}}},{"name":"Left","from":[6,0.025,-5.975],"to":[7.1,20.025,6],"rotation":{"angle":0,"axis":"y","origin":[-1,0,0]},"faces":{"north":{"uv":[1.625,7.125,1.76563,9.625],"texture":"#2"},"east":{"uv":[0,2.5,1.5,5],"texture":"#2"},"south":{"uv":[7.125,6.75,7.26563,9.25],"texture":"#2"},"west":{"uv":[1.5,2.5,3,5],"texture":"#2"},"up":{"uv":[4.26563,8.875,4.125,7.375],"texture":"#2"},"down":{"uv":[7.51563,6.75,7.375,8.25],"texture":"#2"}}},{"name":"Back","from":[-8,0,5],"to":[7.025,20,6.05],"rotation":{"angle":0,"axis":"y","origin":[-1,0,0]},"faces":{"north":{"uv":[0,0,1.875,2.5],"texture":"#2"},"east":{"uv":[1.875,7.125,2,9.625],"texture":"#2"},"south":{"uv":[1.875,0,3.75,2.5],"texture":"#2"},"west":{"uv":[5.375,7.125,5.5,9.625],"texture":"#2"},"up":{"uv":[8.875,3.25,7,3.125],"texture":"#2"},"down":{"uv":[8.875,3.25,7,3.375],"texture":"#2"}}},{"name":"Right","from":[-8,0,2],"to":[-7,20,5],"rotation":{"angle":0,"axis":"y","origin":[-1,0,0]},"faces":{"north":{"uv":[3.375,7.375,3.5,9.875],"texture":"#2"},"east":{"uv":[5.5,6.125,5.875,8.625],"texture":"#2"},"south":{"uv":[3.5,7.375,3.625,9.875],"texture":"#2"},"west":{"uv":[3,6.5,3.375,9],"texture":"#2"},"up":{"uv":[8,4.875,7.875,4.5],"texture":"#2"},"down":{"uv":[8,4.875,7.875,5.25],"texture":"#2"}}},{"name":"Right","from":[-8.025,-0.025,-6],"to":[-7,3.975,2],"rotation":{"angle":0,"axis":"y","origin":[-1,0,0]},"faces":{"north":{"uv":[7.875,1.25,8,1.75],"texture":"#2"},"east":{"uv":[6.5,6.25,7.5,6.75],"texture":"#2"},"south":{"uv":[7.875,1.75,8,2.25],"texture":"#2"},"west":{"uv":[6.625,0.75,7.625,1.25],"texture":"#2"},"up":{"uv":[4.875,2.5,4.75,1.5],"texture":"#2"},"down":{"uv":[6.625,7.625,6.5,8.625],"texture":"#2"}}},{"name":"Right","from":[-8,16,-5.95],"to":[-7,20,2],"rotation":{"angle":0,"axis":"y","origin":[-1,0,0]},"faces":{"north":{"uv":[7.875,2.25,8,2.75],"texture":"#2"},"east":{"uv":[6.625,1.25,7.625,1.75],"texture":"#2"},"south":{"uv":[7.875,4,8,4.5],"texture":"#2"},"west":{"uv":[6.625,1.75,7.625,2.25],"texture":"#2"},"up":{"uv":[6.75,8.625,6.625,7.625],"texture":"#2"},"down":{"uv":[6.875,7.625,6.75,8.625],"texture":"#2"}}},{"name":"Botton","from":[-7.875,0,-5.925],"to":[7.075,0.175,6],"rotation":{"angle":0,"axis":"y","origin":[-1,0,0]},"faces":{"north":{"uv":[7.625,3,9.5,3.01563],"texture":"#2"},"east":{"uv":[7.875,5.25,9.35938,5.26563],"texture":"#2"},"south":{"uv":[7.75,7.5,9.625,7.51563],"texture":"#2"},"west":{"uv":[7.875,5.375,9.35938,5.39063],"texture":"#2"},"up":{"uv":[4.875,3.98438,3,2.5],"texture":"#2"},"down":{"uv":[5.625,0,3.75,1.48438],"texture":"#2"}}},{"name":"Top","from":[-7.1,19,-5.025],"to":[5.975,20.1,5.225],"rotation":{"angle":0,"axis":"y","origin":[-1,0,0]},"faces":{"north":{"uv":[7.375,0,9.01563,0.14063],"texture":"#2"},"east":{"uv":[4.875,3.75,6.15625,3.89063],"texture":"#2"},"south":{"uv":[7.375,0.25,9.01563,0.39063],"texture":"#2"},"west":{"uv":[7.375,0.5,8.65625,0.64063],"texture":"#2"},"up":{"uv":[4.64063,5.28125,3,4],"texture":"#2"},"down":{"uv":[6.39063,4,4.75,5.28125],"texture":"#2"}}},{"from":[7.2,3,-4],"to":[7.2,11,4],"faces":{"north":{"uv":[0,0,0,1],"texture":"#missing"},"east":{"uv":[0.5625,0.0625,7.5,8.125],"texture":"#1"},"south":{"uv":[0,0,0,1],"texture":"#missing"},"west":{"uv":[0,0,1,1],"texture":"#missing"},"up":{"uv":[0,0,0,1],"texture":"#missing"},"down":{"uv":[0,0,0,1],"texture":"#missing"}}}],"display":{"thirdperson_righthand":{"translation":[5.75,0,1],"scale":[0.61,0.61,0.61]},"thirdperson_lefthand":{"translation":[-5.25,0,1.5],"scale":[0.61,0.61,0.61]},"firstperson_righthand":{"translation":[8.5,0,0],"scale":[0.61,0.61,0.61]},"firstperson_lefthand":{"translation":[-2,0,0],"scale":[0.61,0.61,0.61]},"ground":{"translation":[4.75,5.25,5.75],"scale":[0.71,0.71,0.71]},"gui":{"rotation":[180,23,180],"translation":[-4.25,-1.5,0],"scale":[0.79,0.79,0.79]},"head":{"rotation":[0,180,0],"translation":[-8.25,-35.25,-8]},"fixed":{"rotation":[-90,0,0],"translation":[15.25,16,-14.75],"scale":[1.75,1.75,1.75]}}}