{"credit":"Made with Blockbench","textures":{"5":"funkos:staff-head/wizztanjiro","9":"funkos:staff-head/body_wizz","12":"funkos:staff-head/funko_boxwizz","particle":"funkos:staff-head/wizztanjiro"},"elements":[{"name":"Front","from":[2,0,-6],"to":[7,13,-5],"rotation":{"angle":0,"axis":"y","origin":[-1,0,0]},"faces":{"north":{"uv":[4.875,1.5,5.5,3.125],"texture":"#12"},"east":{"uv":[3.125,5.875,3.25,7.5],"texture":"#12"},"south":{"uv":[0,5,0.625,6.625],"texture":"#12"},"west":{"uv":[3.25,5.875,3.375,7.5],"texture":"#12"},"up":{"uv":[4.5,6,3.875,5.875],"texture":"#12"},"down":{"uv":[5.125,5.875,4.5,6],"texture":"#12"}}},{"name":"Front","from":[3,13,-6],"to":[7.025,20.025,-5],"rotation":{"angle":0,"axis":"y","origin":[-1,0,0]},"faces":{"north":{"uv":[5.5,2,6,2.875],"texture":"#12"},"east":{"uv":[5.875,0.625,6,1.5],"texture":"#12"},"south":{"uv":[5.5,5.375,6,6.25],"texture":"#12"},"west":{"uv":[3.75,5.875,3.875,6.75],"texture":"#12"},"up":{"uv":[6.5,0.75,6,0.625],"texture":"#12"},"down":{"uv":[6.5,0.75,6,0.875],"texture":"#12"}}},{"name":"Front","from":[-7.975,16,-6],"to":[3.025,20,-5],"rotation":{"angle":0,"axis":"y","origin":[-1,0,0]},"faces":{"north":{"uv":[4.875,3.125,6.25,3.625],"texture":"#12"},"east":{"uv":[5.125,5.875,5.25,6.375],"texture":"#12"},"south":{"uv":[1.375,5,2.75,5.5],"texture":"#12"},"west":{"uv":[5.25,5.875,5.375,6.375],"texture":"#12"},"up":{"uv":[6.875,3.125,5.5,3],"texture":"#12"},"down":{"uv":[7.25,0,5.875,0.125],"texture":"#12"}}},{"name":"Right","from":[-8,16,-5.95],"to":[-7,20,2],"rotation":{"angle":0,"axis":"y","origin":[-1,0,0]},"faces":{"north":{"uv":[5.375,5.875,5.5,6.375],"texture":"#12"},"east":{"uv":[3.75,1.5,4.75,2],"texture":"#12"},"south":{"uv":[6,0.875,6.125,1.375],"texture":"#12"},"west":{"uv":[3.75,2,4.75,2.5],"texture":"#12"},"up":{"uv":[4.875,2.5,4.75,1.5],"texture":"#12"},"down":{"uv":[3.5,5.875,3.375,6.875],"texture":"#12"}}},{"name":"Front","from":[-8,0,-6.025],"to":[3,4,-5],"rotation":{"angle":0,"axis":"y","origin":[-1,0,0]},"faces":{"north":{"uv":[2.75,5.375,4.125,5.875],"texture":"#12"},"east":{"uv":[1.375,6,1.5,6.5],"texture":"#12"},"south":{"uv":[4.125,5.375,5.5,5.875],"texture":"#12"},"west":{"uv":[1.5,6,1.625,6.5],"texture":"#12"},"up":{"uv":[7.25,0.25,5.875,0.125],"texture":"#12"},"down":{"uv":[7.25,0.25,5.875,0.375],"texture":"#12"}}},{"name":"Right","from":[-8.025,-0.025,-6],"to":[-7,3.975,2],"rotation":{"angle":0,"axis":"y","origin":[-1,0,0]},"faces":{"north":{"uv":[1.625,6,1.75,6.5],"texture":"#12"},"east":{"uv":[1.375,5.5,2.375,6],"texture":"#12"},"south":{"uv":[1.75,6,1.875,6.5],"texture":"#12"},"west":{"uv":[5.5,1.5,6.5,2],"texture":"#12"},"up":{"uv":[3.625,6.875,3.5,5.875],"texture":"#12"},"down":{"uv":[3.75,5.875,3.625,6.875],"texture":"#12"}}},{"name":"Top","from":[-7.1,19,-5.025],"to":[5.975,20.1,5.225],"rotation":{"angle":0,"axis":"y","origin":[-1,0,0]},"faces":{"north":{"uv":[4.875,3.875,6.5,4],"texture":"#12"},"east":{"uv":[5.875,0.375,7.15625,0.5],"texture":"#12"},"south":{"uv":[5.5,2.875,7.125,3],"texture":"#12"},"west":{"uv":[5.875,0.5,7.15625,0.625],"texture":"#12"},"up":{"uv":[4.625,5.28125,3,4],"texture":"#12"},"down":{"uv":[6.25,4,4.625,5.28125],"texture":"#12"}}},{"name":"Left","from":[6,0.025,-5.975],"to":[7.1,20.025,6],"rotation":{"angle":0,"axis":"y","origin":[-1,0,0]},"faces":{"north":{"uv":[2.375,5.5,2.5,8],"texture":"#12"},"east":{"uv":[0,2.5,1.5,5],"texture":"#12"},"south":{"uv":[2.5,5.5,2.625,8],"texture":"#12"},"west":{"uv":[1.5,2.5,3,5],"texture":"#12"},"up":{"uv":[5.75,1.5,5.625,0],"texture":"#12"},"down":{"uv":[5.875,0,5.75,1.5],"texture":"#12"}}},{"name":"Botton","from":[-7.875,-0.1,-5.925],"to":[7.075,0.175,6],"rotation":{"angle":0,"axis":"y","origin":[-1,0,0]},"faces":{"north":{"uv":[6,1.375,7.875,1.40625],"texture":"#12"},"east":{"uv":[6,2.125,7.5,2.15625],"texture":"#12"},"south":{"uv":[6,2,7.875,2.03125],"texture":"#12"},"west":{"uv":[6,2.25,7.5,2.28125],"texture":"#12"},"up":{"uv":[4.875,4,3,2.5],"texture":"#12"},"down":{"uv":[5.625,0,3.75,1.5],"texture":"#12"}}},{"name":"Right","from":[-8,0,2],"to":[-7,20,5],"rotation":{"angle":0,"axis":"y","origin":[-1,0,0]},"faces":{"north":{"uv":[2.625,5.5,2.75,8],"texture":"#12"},"east":{"uv":[0.625,5,1,7.5],"texture":"#12"},"south":{"uv":[2.75,5.875,2.875,8.375],"texture":"#12"},"west":{"uv":[1,5,1.375,7.5],"texture":"#12"},"up":{"uv":[2.875,5.375,2.75,5],"texture":"#12"},"down":{"uv":[3,5,2.875,5.375],"texture":"#12"}}},{"name":"Back","from":[-8,0,5],"to":[7.025,20,6.05],"rotation":{"angle":0,"axis":"y","origin":[-1,0,0]},"faces":{"north":{"uv":[0,0,1.875,2.5],"texture":"#12"},"east":{"uv":[2.875,5.875,3,8.375],"texture":"#12"},"south":{"uv":[1.875,0,3.75,2.5],"texture":"#12"},"west":{"uv":[3,5.875,3.125,8.375],"texture":"#12"},"up":{"uv":[6.75,3.75,4.875,3.625],"texture":"#12"},"down":{"uv":[6.75,3.75,4.875,3.875],"texture":"#12"}}},{"name":"Body","from":[-4,4,-1],"to":[0,8,1],"rotation":{"angle":0,"axis":"y","origin":[-1,0,0]},"faces":{"north":{"uv":[4,5,8,8],"texture":"#5"},"east":{"uv":[0,7,2,14],"texture":"#5"},"south":{"uv":[8,5,10,8],"texture":"#5"},"west":{"uv":[2,7,4,14],"texture":"#5"},"up":{"uv":[8,5,4,4],"texture":"#5"},"down":{"uv":[12,0,8,2],"texture":"#5"}}},{"name":"Body","from":[-4,1,-1],"to":[0,4,1],"rotation":{"angle":0,"axis":"y","origin":[-1,0,0]},"faces":{"north":{"uv":[0,0,4,3],"texture":"#9"},"east":{"uv":[8,8,10,11],"texture":"#9"},"south":{"uv":[0,3,4,6],"texture":"#9"},"west":{"uv":[0,10,2,13],"texture":"#9"},"up":{"uv":[8,2,4,0],"texture":"#9"},"down":{"uv":[8,2,4,4],"texture":"#9"}}},{"name":"Left-Hand","from":[0,4,-1],"to":[2,8,1],"rotation":{"angle":0,"axis":"y","origin":[-1,0,0]},"faces":{"north":{"uv":[8,0,10,4],"texture":"#9"},"east":{"uv":[4,8,6,12],"texture":"#9"},"south":{"uv":[8,4,10,8],"texture":"#9"},"west":{"uv":[6,8,8,12],"texture":"#9"},"up":{"uv":[12,4,10,2],"texture":"#9"},"down":{"uv":[12,4,10,6],"texture":"#9"}}},{"name":"Left-Hand","from":[-6,4,-1],"to":[-4,8,1],"rotation":{"angle":0,"axis":"y","origin":[17,0,0]},"faces":{"north":{"uv":[4,4,6,8],"texture":"#9"},"east":{"uv":[0,6,2,10],"texture":"#9"},"south":{"uv":[2,6,4,10],"texture":"#9"},"west":{"uv":[6,4,8,8],"texture":"#9"},"up":{"uv":[12,2,10,0],"texture":"#9"},"down":{"uv":[4,10,2,12],"texture":"#9"}}},{"name":"pelo","from":[2.825,5.1,-6.15],"to":[7.1,13.3,-6.15],"faces":{"north":{"uv":[11,2,12,4],"texture":"#5"},"east":{"uv":[0,0,0,7],"texture":"#5"},"south":{"uv":[4,0,7.75,0],"texture":"#5"},"west":{"uv":[0,0,0,7],"texture":"#5"},"up":{"uv":[4,0,0,0],"texture":"#5"},"down":{"uv":[4,0,0,0],"texture":"#5"}}},{"from":[4.5,0,-6.025],"to":[7.1,6,-6.025],"faces":{"north":{"uv":[5.925,5,7.225,7.975],"texture":"#5"},"east":{"uv":[0,0,0,1.5],"texture":"#5"},"south":{"uv":[0.75,0,1.375,1.5],"texture":"#5"},"west":{"uv":[0,0,0,1.5],"texture":"#5"},"up":{"uv":[0.625,0,0,0],"texture":"#5"},"down":{"uv":[0.625,0,0,0],"texture":"#5"}}},{"from":[3,6,-6.025],"to":[7.1,13,-6.025],"faces":{"north":{"uv":[3,2,4,4],"texture":"#5"},"east":{"uv":[0,0,0,7],"texture":"#5"},"south":{"uv":[4,7,8,14],"texture":"#5"},"west":{"uv":[0,0,0,7],"texture":"#5"},"up":{"uv":[4,0,0,0],"texture":"#5"},"down":{"uv":[4,0,0,0],"texture":"#5"}}},{"from":[3.2,0,-6.025],"to":[4.5,5.675,-6.025],"faces":{"north":{"uv":[10.375,13.6875,9,16],"texture":"#5"},"east":{"uv":[0,0,0,46],"texture":"#5"},"south":{"uv":[48,0,58,46],"texture":"#5"},"west":{"uv":[0,0,0,46],"texture":"#5"},"up":{"uv":[10,0,0,0],"texture":"#5"},"down":{"uv":[10,0,0,0],"texture":"#5"}}},{"name":"Head","from":[-6,8,-4],"to":[2,16,4],"faces":{"north":{"uv":[2,2,4,4],"texture":"#5"},"east":{"uv":[0,2,2,4],"texture":"#5"},"south":{"uv":[6,2,8,4],"texture":"#5"},"west":{"uv":[4,2,6,4],"texture":"#5"},"up":{"uv":[4,2,2,0],"texture":"#5"},"down":{"uv":[6,0,4,2],"texture":"#5"}}},{"name":"HatLayer","from":[-6.1,7.775,-4.5],"to":[2.05,16,4.5],"faces":{"north":{"uv":[10,2,12,4],"texture":"#5"},"east":{"uv":[8,2,10,4],"texture":"#5"},"south":{"uv":[14,2,16,4],"texture":"#5"},"west":{"uv":[12,2,14,4],"texture":"#5"},"up":{"uv":[12,2,10,0],"texture":"#5"},"down":{"uv":[14,0,12,2],"texture":"#5"}}}],"display":{"thirdperson_righthand":{"translation":[5.75,0,1],"scale":[0.61,0.61,0.61]},"thirdperson_lefthand":{"translation":[-5.25,0,1.5],"scale":[0.61,0.61,0.61]},"firstperson_righthand":{"translation":[8.5,0,0],"scale":[0.61,0.61,0.61]},"firstperson_lefthand":{"translation":[-2,0,0],"scale":[0.61,0.61,0.61]},"ground":{"translation":[8,6.75,8]},"gui":{"rotation":[180,23,180],"translation":[-4.25,-1.5,0],"scale":[0.79,0.79,0.79]},"head":{"rotation":[0,180,0],"translation":[-9.5,-34.25,-9.5],"scale":[1.12695,1.12695,1.12695]},"fixed":{"rotation":[-90,0,0],"translation":[15.25,16,-14.75],"scale":[1.75,1.75,1.75]}}}