{"credit":"Made by Nog's Menagerie","texture_size":[32,32],"textures":{"0":"nogs_menagerie:figures/nm_figure_box_villager_texture","1":"nogs_menagerie:figures/nm_figure_logo_texture","2":"nogs_menagerie:figures/nm_figure_villager_texture","particle":"nogs_menagerie:figures/nm_figure_box_villager_texture"},"elements":[{"name":"base","from":[4,0,3],"to":[14,2,13],"rotation":{"angle":0,"axis":"y","origin":[2,0,0]},"faces":{"north":{"uv":[0,9,2.5,9.5],"texture":"#0"},"east":{"uv":[2.5,9,5,9.5],"texture":"#0"},"south":{"uv":[0,9.5,2.5,10],"texture":"#0"},"west":{"uv":[2.5,9.5,5,10],"texture":"#0"},"up":{"uv":[7.5,8.5,5,6],"texture":"#0"},"down":{"uv":[10,0,7.5,2.5],"texture":"#0"}}},{"name":"back","from":[4,2,12.999],"to":[14,14,12.999],"rotation":{"angle":0,"axis":"y","origin":[4,0,-2.001]},"faces":{"north":{"uv":[0,0,2.5,3],"texture":"#0"},"east":{"uv":[0,0,0,3],"texture":"#0"},"south":{"uv":[2.5,0,5,3],"texture":"#0"},"west":{"uv":[0,0,0,3],"texture":"#0"},"up":{"uv":[2.5,0,0,0],"texture":"#0"},"down":{"uv":[2.5,0,0,0],"texture":"#0"}}},{"name":"decor","from":[5,1,13],"to":[13,13,13],"rotation":{"angle":0,"axis":"y","origin":[9.5,11.5,12.999]},"faces":{"north":{"uv":[0,0,4,6],"texture":"#1"},"east":{"uv":[0,0,0,7],"texture":"#1"},"south":{"uv":[0,0,4,6],"texture":"#1"},"west":{"uv":[0,0,0,7],"texture":"#1"},"up":{"uv":[5,0,0,0],"texture":"#1"},"down":{"uv":[5,0,0,0],"texture":"#1"}}},{"name":"front","from":[4,2,3.001],"to":[14,14,3.001],"rotation":{"angle":0,"axis":"y","origin":[4,0,18.001]},"faces":{"north":{"uv":[0,3,2.5,6],"texture":"#0"},"east":{"uv":[0,0,0,3],"texture":"#0"},"south":{"uv":[2.5,3,5,6],"texture":"#0"},"west":{"uv":[0,0,0,3],"texture":"#0"},"up":{"uv":[2.5,0,0,0],"texture":"#0"},"down":{"uv":[2.5,0,0,0],"texture":"#0"}}},{"name":"clearside","from":[4,2,3],"to":[4,14,13],"rotation":{"angle":0,"axis":"y","origin":[4,0,0]},"faces":{"north":{"uv":[0,0,0,3],"texture":"#0"},"east":{"uv":[5,0,7.5,3],"texture":"#0"},"south":{"uv":[0,0,0,3],"texture":"#0"},"west":{"uv":[5,3,7.5,6],"texture":"#0"},"up":{"uv":[0,2.5,0,0],"texture":"#0"},"down":{"uv":[0,0,0,2.5],"texture":"#0"}}},{"name":"clearside","from":[4,14,3],"to":[14,14,13],"rotation":{"angle":0,"axis":"y","origin":[4,0,0]},"faces":{"north":{"uv":[0,0,2.5,0],"texture":"#0"},"east":{"uv":[0,0,2.5,0],"texture":"#0"},"south":{"uv":[0,0,2.5,0],"texture":"#0"},"west":{"uv":[0,0,2.5,0],"texture":"#0"},"up":{"uv":[10,5,7.5,2.5],"texture":"#0"},"down":{"uv":[10,5,7.5,7.5],"texture":"#0"}}},{"name":"clearside","from":[14,2,3],"to":[14,14,13],"rotation":{"angle":0,"axis":"y","origin":[14,0,0]},"faces":{"north":{"uv":[0,0,0,3],"texture":"#0"},"east":{"uv":[0,6,2.5,9],"texture":"#0"},"south":{"uv":[0,0,0,3],"texture":"#0"},"west":{"uv":[2.5,6,5,9],"texture":"#0"},"up":{"uv":[0,2.5,0,0],"texture":"#0"},"down":{"uv":[0,0,0,2.5],"texture":"#0"}}},{"name":"arm","from":[5.5,5.46789,6.26079],"to":[6.5,6.46789,8.26079],"rotation":{"angle":-22.5,"axis":"x","origin":[8,6.29289,7.58579]},"faces":{"north":{"uv":[6,5,6.5,5.5],"texture":"#2"},"east":{"uv":[7.5,0,8.5,0.5],"texture":"#2"},"south":{"uv":[0.5,8,1,8.5],"texture":"#2"},"west":{"uv":[7.5,0.5,8.5,1],"texture":"#2"},"up":{"uv":[8,2,7.5,1],"texture":"#2"},"down":{"uv":[2,7.5,1.5,8.5],"texture":"#2"}}},{"name":"arm","from":[6.5,5.46789,6.26079],"to":[9.5,6.46789,7.26079],"rotation":{"angle":-22.5,"axis":"x","origin":[8,6.29289,7.58579]},"faces":{"north":{"uv":[6.5,6,8,6.5],"texture":"#2"},"east":{"uv":[1,8,1.5,8.5],"texture":"#2"},"south":{"uv":[6.5,6.5,8,7],"texture":"#2"},"west":{"uv":[8,1,8.5,1.5],"texture":"#2"},"up":{"uv":[8,7.5,6.5,7],"texture":"#2"},"down":{"uv":[1.5,7.5,0,8],"texture":"#2"}}},{"name":"arm","from":[9.5,5.46789,6.26079],"to":[10.5,6.46789,8.26079],"rotation":{"angle":-22.5,"axis":"x","origin":[8,6.29289,7.58579]},"faces":{"north":{"uv":[8,1.5,8.5,2],"texture":"#2"},"east":{"uv":[7.5,2,8.5,2.5],"texture":"#2"},"south":{"uv":[2.5,8,3,8.5],"texture":"#2"},"west":{"uv":[7.5,2.5,8.5,3],"texture":"#2"},"up":{"uv":[2.5,8.5,2,7.5],"texture":"#2"},"down":{"uv":[8,3,7.5,4],"texture":"#2"}}},{"name":"torso","from":[6.5,4,7],"to":[9.5,7,9],"rotation":{"angle":0,"axis":"y","origin":[1.5,-1,0]},"faces":{"north":{"uv":[2.5,5,4,6.5],"texture":"#2"},"east":{"uv":[4,5,5,6.5],"texture":"#2"},"south":{"uv":[5,2.5,6.5,4],"texture":"#2"},"west":{"uv":[5,4,6,5.5],"texture":"#2"},"up":{"uv":[6.5,6.5,5,5.5],"texture":"#2"},"down":{"uv":[7.5,4,6,5],"texture":"#2"}}},{"name":"head","from":[5.5,7,5.5],"to":[10.5,12,10.5],"rotation":{"angle":0,"axis":"y","origin":[8.09567,10,8]},"faces":{"north":{"uv":[0,0,2.5,2.5],"texture":"#2"},"east":{"uv":[0,2.5,2.5,5],"texture":"#2"},"south":{"uv":[2.5,0,5,2.5],"texture":"#2"},"west":{"uv":[2.5,2.5,5,5],"texture":"#2"},"up":{"uv":[2.5,7.5,0,5],"texture":"#2"},"down":{"uv":[7.5,0,5,2.5],"texture":"#2"}}},{"name":"head","from":[7,6,4.5],"to":[9,9,6.5],"rotation":{"angle":0,"axis":"y","origin":[8.09567,10,8]},"faces":{"north":{"uv":[2.5,6.5,3.5,8],"texture":"#2"},"east":{"uv":[6.5,2.5,7.5,4],"texture":"#2"},"south":{"uv":[3.5,6.5,4.5,8],"texture":"#2"},"west":{"uv":[4.5,6.5,5.5,8],"texture":"#2"},"up":{"uv":[7.5,6,6.5,5],"texture":"#2"},"down":{"uv":[6.5,6.5,5.5,7.5],"texture":"#2"}}},{"from":[6.75,2,7.5],"to":[7.75,4,8.5],"rotation":{"angle":0,"axis":"y","origin":[3.5,-1,0.5]},"faces":{"north":{"uv":[7.5,4,8,5],"texture":"#2"},"east":{"uv":[7.5,5,8,6],"texture":"#2"},"south":{"uv":[5.5,7.5,6,8.5],"texture":"#2"},"west":{"uv":[6,7.5,6.5,8.5],"texture":"#2"},"up":{"uv":[3.5,8.5,3,8],"texture":"#2"},"down":{"uv":[8.5,3,8,3.5],"texture":"#2"}}},{"from":[8.25,2,7.5],"to":[9.25,4,8.5],"rotation":{"angle":0,"axis":"y","origin":[12.5,-1,0.5]},"faces":{"north":{"uv":[6.5,7.5,7,8.5],"texture":"#2"},"east":{"uv":[7,7.5,7.5,8.5],"texture":"#2"},"south":{"uv":[7.5,7.5,8,8.5],"texture":"#2"},"west":{"uv":[0,8,0.5,9],"texture":"#2"},"up":{"uv":[4,8.5,3.5,8],"texture":"#2"},"down":{"uv":[8.5,3.5,8,4],"texture":"#2"}}}],"gui_light":"front","display":{"thirdperson_righthand":{"translation":[-0.5,-1.25,-2.75],"scale":[0.55,0.55,0.55]},"thirdperson_lefthand":{"translation":[0.5,-1.25,-2.75],"scale":[0.55,0.55,0.55]},"firstperson_righthand":{"rotation":[0,113,5],"translation":[4.25,5,0],"scale":[0.73,0.73,0.73]},"firstperson_lefthand":{"rotation":[0,113,5],"translation":[4.25,5,0],"scale":[0.73,0.73,0.73]},"ground":{"translation":[-0.5,3,0],"scale":[0.7,0.7,0.7]},"gui":{"rotation":[25,151,0],"translation":[1,0.25,0],"scale":[0.74,0.74,0.74]},"head":{"rotation":[0,180,0],"translation":[1,-36.1,0],"scale":[0.89,0.89,0.89]},"fixed":{"rotation":[-90,0,0],"translation":[-2,0,-16],"scale":[2,2,2]}}}