{"credit":"Made with Blockbench","texture_size":[32,32],"textures":{"0":"discordia:amongus","particle":"discordia:amongus"},"elements":[{"from":[4,1,4],"to":[12,8,12],"rotation":{"angle":0,"axis":"y","origin":[8,0,4]},"faces":{"north":{"uv":[4,0,8,3.5],"texture":"#0"},"east":{"uv":[4,3.5,8,7],"texture":"#0"},"south":{"uv":[4,7,8,10.5],"texture":"#0"},"west":{"uv":[0,8,4,11.5],"texture":"#0"},"up":{"uv":[4,4,0,0],"texture":"#0"},"down":{"uv":[4,4,0,8],"texture":"#0"}}},{"from":[7.5,8,7],"to":[8.5,10,7],"rotation":{"angle":0,"axis":"y","origin":[8.5,1,5]},"faces":{"north":{"uv":[12,1,12.5,2],"texture":"#0"},"east":{"uv":[0,0,0,1],"texture":"#0"},"south":{"uv":[1.5,12,2,13],"texture":"#0"},"west":{"uv":[0,0,0,1],"texture":"#0"},"up":{"uv":[0.5,0,0,0],"texture":"#0"},"down":{"uv":[0.5,0,0,0],"texture":"#0"}}},{"from":[7.6,9.2,6.9],"to":[10.6,13.2,6.9],"rotation":{"angle":-45,"axis":"z","origin":[8.1,10.2,6.9]},"faces":{"north":{"uv":[8,8,9.5,10],"texture":"#0"},"east":{"uv":[0,0,0,2],"texture":"#0"},"south":{"uv":[9.5,8,11,10],"texture":"#0"},"west":{"uv":[0,0,0,2],"texture":"#0"},"up":{"uv":[1.5,0,0,0],"texture":"#0"},"down":{"uv":[1.5,0,0,0],"texture":"#0"}}},{"from":[5.4,9.2,7.1],"to":[8.4,13.2,7.1],"rotation":{"angle":45,"axis":"z","origin":[7.9,10.2,7.1]},"faces":{"north":{"uv":[8,10,9.5,12],"texture":"#0"},"east":{"uv":[0,0,0,2],"texture":"#0"},"south":{"uv":[9.5,10,11,12],"texture":"#0"},"west":{"uv":[0,0,0,2],"texture":"#0"},"up":{"uv":[1.5,0,0,0],"texture":"#0"},"down":{"uv":[1.5,0,0,0],"texture":"#0"}}},{"from":[9,0,4],"to":[12,1,7],"rotation":{"angle":0,"axis":"y","origin":[8,-4,4]},"faces":{"north":{"uv":[11,10.5,12.5,11],"texture":"#0"},"east":{"uv":[11,11,12.5,11.5],"texture":"#0"},"south":{"uv":[0,11.5,1.5,12],"texture":"#0"},"west":{"uv":[1.5,11.5,3,12],"texture":"#0"},"up":{"uv":[12.5,5,11,3.5],"texture":"#0"},"down":{"uv":[12.5,5,11,6.5],"texture":"#0"}}},{"from":[4,0,4],"to":[7,1,7],"rotation":{"angle":0,"axis":"y","origin":[3,-4,4]},"faces":{"north":{"uv":[3,11.5,4.5,12],"texture":"#0"},"east":{"uv":[4.5,11.5,6,12],"texture":"#0"},"south":{"uv":[11,11.5,12.5,12],"texture":"#0"},"west":{"uv":[0,12,1.5,12.5],"texture":"#0"},"up":{"uv":[12.5,8,11,6.5],"texture":"#0"},"down":{"uv":[12.5,8,11,9.5],"texture":"#0"}}},{"from":[5,4,3],"to":[11,7,4],"rotation":{"angle":0,"axis":"y","origin":[8,0,3]},"faces":{"north":{"uv":[8,5,11,6.5],"texture":"#0"},"east":{"uv":[6,11.5,6.5,13],"texture":"#0"},"south":{"uv":[8,6.5,11,8],"texture":"#0"},"west":{"uv":[6.5,11.5,7,13],"texture":"#0"},"up":{"uv":[14,10,11,9.5],"texture":"#0"},"down":{"uv":[14,10,11,10.5],"texture":"#0"}}},{"from":[5,2,12],"to":[11,7,14],"rotation":{"angle":0,"axis":"y","origin":[8,0,12]},"faces":{"north":{"uv":[8,0,11,2.5],"texture":"#0"},"east":{"uv":[7,10.5,8,13],"texture":"#0"},"south":{"uv":[8,2.5,11,5],"texture":"#0"},"west":{"uv":[11,1,12,3.5],"texture":"#0"},"up":{"uv":[7,11.5,4,10.5],"texture":"#0"},"down":{"uv":[14,0,11,1],"texture":"#0"}}}],"display":{"thirdperson_righthand":{"translation":[0.25,0,0],"scale":[0.5,0.5,0.5]},"thirdperson_lefthand":{"translation":[0.5,0.25,0],"scale":[0.5,0.5,0.5]},"firstperson_righthand":{"rotation":[-180,82,-180],"translation":[0,5.25,0]},"firstperson_lefthand":{"rotation":[-180,80.5,180],"translation":[0,4.75,0]},"ground":{"translation":[0,7.75,0]},"gui":{"rotation":[-155,40.25,-180],"translation":[0,3,0]},"head":{"translation":[0,7.75,0],"scale":[2.2,2.2,2.2]},"fixed":{"rotation":[-90,0,0],"translation":[0,0,-15.75],"scale":[2,2,2]}}}