{"credit":"Made with Blockbench","texture_size":[64,64],"textures":{"0":"discordia:gatonegro","particle":"discordia:gatonegro"},"elements":[{"from":[2,3,9],"to":[13,15,17],"faces":{"north":{"uv":[0,0,2.75,3],"texture":"#0"},"east":{"uv":[0,3,2,6],"texture":"#0"},"south":{"uv":[2.75,0,5.5,3],"texture":"#0"},"west":{"uv":[2,3,4,6],"texture":"#0"},"up":{"uv":[6.75,5,4,3],"texture":"#0"},"down":{"uv":[6.75,5,4,7],"texture":"#0"}}},{"from":[11,2.5625,6],"to":[14,5.5625,11],"rotation":{"angle":-22.5,"axis":"x","origin":[12.5,4.5,8.5]},"faces":{"north":{"uv":[1.75,6.75,2.5,7.5],"texture":"#0"},"east":{"uv":[5.5,0,6.75,0.75],"texture":"#0"},"south":{"uv":[2.5,6.75,3.25,7.5],"texture":"#0"},"west":{"uv":[5.5,0.75,6.75,1.5],"texture":"#0"},"up":{"uv":[6.25,2.75,5.5,1.5],"texture":"#0"},"down":{"uv":[0.75,6,0,7.25],"texture":"#0"}}},{"from":[1,2.4375,6],"to":[4,5.4375,11],"rotation":{"angle":-22.5,"axis":"x","origin":[2.5,4.5,8.5]},"faces":{"north":{"uv":[6.75,2.75,7.5,3.5],"texture":"#0"},"east":{"uv":[0.75,6,2,6.75],"texture":"#0"},"south":{"uv":[6.75,3.5,7.5,4.25],"texture":"#0"},"west":{"uv":[2,6,3.25,6.75],"texture":"#0"},"up":{"uv":[4,7.25,3.25,6],"texture":"#0"},"down":{"uv":[7,1.5,6.25,2.75],"texture":"#0"}}},{"from":[1.3125,7.625,5.75],"to":[3.3125,9.625,9.75],"rotation":{"angle":-22.5,"axis":"x","origin":[2,10,8]},"faces":{"north":{"uv":[7.25,6.25,7.75,6.75],"texture":"#0"},"east":{"uv":[6.75,1,7.75,1.5],"texture":"#0"},"south":{"uv":[6.5,7.25,7,7.75],"texture":"#0"},"west":{"uv":[6.75,4.25,7.75,4.75],"texture":"#0"},"up":{"uv":[7.25,5.75,6.75,4.75],"texture":"#0"},"down":{"uv":[7.25,5.75,6.75,6.75],"texture":"#0"}}},{"from":[3.5,14.5,11],"to":[5.5,16.5,12],"rotation":{"angle":-22.5,"axis":"z","origin":[4.5,16.5,11.5]},"faces":{"north":{"uv":[7,7.25,7.5,7.75],"texture":"#0"},"east":{"uv":[0.5,7.25,0.75,7.75],"texture":"#0"},"south":{"uv":[1.75,7.5,2.25,8],"texture":"#0"},"west":{"uv":[3.75,7.25,4,7.75],"texture":"#0"},"up":{"uv":[6,3,5.5,2.75],"texture":"#0"},"down":{"uv":[6.5,2.75,6,3],"texture":"#0"}}},{"from":[9.5,14.875,11],"to":[11.5,16.875,12],"rotation":{"angle":22.5,"axis":"z","origin":[11.5,16.5,11.5]},"faces":{"north":{"uv":[7.5,2,8,2.5],"texture":"#0"},"east":{"uv":[0.5,7.75,0.75,8.25],"texture":"#0"},"south":{"uv":[2.25,7.5,2.75,8],"texture":"#0"},"west":{"uv":[3.75,7.75,4,8.25],"texture":"#0"},"up":{"uv":[6.5,8,6,7.75],"texture":"#0"},"down":{"uv":[8.25,6,7.75,6.25],"texture":"#0"}}},{"from":[10.5,15.875,11],"to":[12.5,17.875,12],"rotation":{"angle":22.5,"axis":"z","origin":[11.5,16.5,11.5]},"faces":{"north":{"uv":[7.5,2.5,8,3],"texture":"#0"},"east":{"uv":[7.75,6.25,8,6.75],"texture":"#0"},"south":{"uv":[2.75,7.5,3.25,8],"texture":"#0"},"west":{"uv":[6.5,7.75,6.75,8.25],"texture":"#0"},"up":{"uv":[7.25,8,6.75,7.75],"texture":"#0"},"down":{"uv":[8.25,6.75,7.75,7],"texture":"#0"}}},{"from":[2.5,15.5,11],"to":[4.5,17.5,12],"rotation":{"angle":-22.5,"axis":"z","origin":[4.5,16.5,11.5]},"faces":{"north":{"uv":[7.5,3,8,3.5],"texture":"#0"},"east":{"uv":[7.25,7.75,7.5,8.25],"texture":"#0"},"south":{"uv":[7.5,3.5,8,4],"texture":"#0"},"west":{"uv":[7.5,7.75,7.75,8.25],"texture":"#0"},"up":{"uv":[8.25,7.25,7.75,7],"texture":"#0"},"down":{"uv":[8.25,7.75,7.75,8],"texture":"#0"}}},{"from":[6.4,4.375,16.75],"to":[8.6,6.375,23.75],"rotation":{"angle":-45,"axis":"x","origin":[7.5,4,18.5]},"faces":{"north":{"uv":[7.5,7.25,8,7.75],"texture":"#0"},"east":{"uv":[6.75,0,8.5,0.5],"texture":"#0"},"south":{"uv":[7.75,1,8.25,1.5],"texture":"#0"},"west":{"uv":[6.75,0.5,8.5,1],"texture":"#0"},"up":{"uv":[1.25,8.5,0.75,6.75],"texture":"#0"},"down":{"uv":[1.75,6.75,1.25,8.5],"texture":"#0"}}},{"from":[6.5,8.62392,19.67938],"to":[8.5,11.62392,21.67938],"rotation":{"angle":22.5,"axis":"x","origin":[7.5,7.62392,20.17938]},"faces":{"north":{"uv":[7,2,7.5,2.75],"texture":"#0"},"east":{"uv":[5,7,5.5,7.75],"texture":"#0"},"south":{"uv":[5.5,7,6,7.75],"texture":"#0"},"west":{"uv":[6,7,6.5,7.75],"texture":"#0"},"up":{"uv":[8.25,4.5,7.75,4],"texture":"#0"},"down":{"uv":[8.25,4.5,7.75,5],"texture":"#0"}}},{"from":[6.6,10.52754,20.73839],"to":[8.4,13.52754,22.73839],"rotation":{"angle":-22.5,"axis":"x","origin":[7.5,11.59004,22.36339]},"faces":{"north":{"uv":[0,7.25,0.5,8],"texture":"#0"},"east":{"uv":[3.25,7.25,3.75,8],"texture":"#0"},"south":{"uv":[7.25,4.75,7.75,5.5],"texture":"#0"},"west":{"uv":[7.25,5.5,7.75,6.25],"texture":"#0"},"up":{"uv":[5.5,8.25,5,7.75],"texture":"#0"},"down":{"uv":[8.25,5,7.75,5.5],"texture":"#0"}}},{"from":[11.625,7.5625,7.125],"to":[13.625,9.5625,11.125],"rotation":{"angle":22.5,"axis":"x","origin":[13,10,8]},"faces":{"north":{"uv":[5.5,7.75,6,8.25],"texture":"#0"},"east":{"uv":[6.75,6.75,7.75,7.25],"texture":"#0"},"south":{"uv":[7.75,5.5,8.25,6],"texture":"#0"},"west":{"uv":[7,1.5,8,2],"texture":"#0"},"up":{"uv":[4.5,8,4,7],"texture":"#0"},"down":{"uv":[5,7,4.5,8],"texture":"#0"}}}],"display":{"thirdperson_righthand":{"rotation":[8.88,42.71,-22.49],"translation":[0.75,4.25,-3.75]},"thirdperson_lefthand":{"rotation":[11.51,46.69,-26.24],"translation":[0,4.5,-3.5]},"firstperson_righthand":{"rotation":[-180,76.75,-180]},"firstperson_lefthand":{"rotation":[0,82.75,0]},"ground":{"translation":[0,3.25,0]},"gui":{"rotation":[-180,1.5,-180],"translation":[-0.5,-1.5,0]},"head":{"rotation":[-17.25,0,0],"translation":[0.5,7,3],"scale":[1.4,1.4,1.4]},"fixed":{"rotation":[-90,0,0],"translation":[0,-5.25,-10],"scale":[1.5,1.5,1.5]}}}