{"credit":"Made with Blockbench","texture_size":[64,64],"textures":{"0":"discordia:hair1","particle":"discordia:hair1"},"elements":[{"from":[5,17,1],"to":[13,18,9],"rotation":{"angle":0,"axis":"y","origin":[7,17,2]},"faces":{"north":{"uv":[7.5,1.5,9.5,1.75],"texture":"#0"},"east":{"uv":[7.5,1.75,9.5,2],"texture":"#0"},"south":{"uv":[7.5,2,9.5,2.25],"texture":"#0"},"west":{"uv":[2.25,7.5,4.25,7.75],"texture":"#0"},"up":{"uv":[2,2,0,0],"texture":"#0"},"down":{"uv":[2,2,0,4],"texture":"#0"}}},{"from":[5,14,1],"to":[13,17,2],"rotation":{"angle":0,"axis":"y","origin":[7,16,2]},"faces":{"north":{"uv":[3.75,3.75,5.75,4.5],"texture":"#0"},"east":{"uv":[10,8.75,10.25,9.5],"texture":"#0"},"south":{"uv":[0,4,2,4.75],"texture":"#0"},"west":{"uv":[9.5,10,9.75,10.75],"texture":"#0"},"up":{"uv":[6.25,7.75,4.25,7.5],"texture":"#0"},"down":{"uv":[9.5,4.5,7.5,4.75],"texture":"#0"}}},{"from":[5,14.3,0.3],"to":[13,17.3,1.3],"rotation":{"angle":0,"axis":"y","origin":[7,16.3,1.3]},"faces":{"north":{"uv":[2,4.5,4,5.25],"texture":"#0"},"east":{"uv":[10,9.5,10.25,10.25],"texture":"#0"},"south":{"uv":[4,4.5,6,5.25],"texture":"#0"},"west":{"uv":[9.75,10,10,10.75],"texture":"#0"},"up":{"uv":[9.5,5,7.5,4.75],"texture":"#0"},"down":{"uv":[9.5,5,7.5,5.25],"texture":"#0"}}},{"from":[10,13,1],"to":[12,14,2],"rotation":{"angle":0,"axis":"y","origin":[7,16,2]},"faces":{"north":{"uv":[9,1.25,9.5,1.5],"texture":"#0"},"east":{"uv":[9.5,4,9.75,4.25],"texture":"#0"},"south":{"uv":[9,4,9.5,4.25],"texture":"#0"},"west":{"uv":[10.25,2,10.5,2.25],"texture":"#0"},"up":{"uv":[9.5,6.75,9,6.5],"texture":"#0"},"down":{"uv":[9.75,3.25,9.25,3.5],"texture":"#0"}}},{"from":[12,10,1],"to":[13,14,3],"rotation":{"angle":0,"axis":"y","origin":[8,16,2]},"faces":{"north":{"uv":[7.75,2.75,8,3.75],"texture":"#0"},"east":{"uv":[7.5,6,8,7],"texture":"#0"},"south":{"uv":[8.75,9.25,9,10.25],"texture":"#0"},"west":{"uv":[6.25,7.5,6.75,8.5],"texture":"#0"},"up":{"uv":[3.75,3,3.5,2.5],"texture":"#0"},"down":{"uv":[8.5,7.75,8.25,8.25],"texture":"#0"}}},{"from":[12.4,9,1.5],"to":[13.4,17,2.5],"rotation":{"angle":0,"axis":"y","origin":[8.4,16,1.5]},"faces":{"north":{"uv":[6.75,7.5,7,9.5],"texture":"#0"},"east":{"uv":[7,7.5,7.25,9.5],"texture":"#0"},"south":{"uv":[7.5,7,7.75,9],"texture":"#0"},"west":{"uv":[7.25,7.5,7.5,9.5],"texture":"#0"},"up":{"uv":[11.25,7,11,6.75],"texture":"#0"},"down":{"uv":[11.25,7,11,7.25],"texture":"#0"}}},{"from":[4.6,9,1.5],"to":[5.6,17,2.5],"rotation":{"angle":0,"axis":"y","origin":[0.6,16,1.5]},"faces":{"north":{"uv":[0,7.75,0.25,9.75],"texture":"#0"},"east":{"uv":[0.25,7.75,0.5,9.75],"texture":"#0"},"south":{"uv":[0.5,7.75,0.75,9.75],"texture":"#0"},"west":{"uv":[0.75,7.75,1,9.75],"texture":"#0"},"up":{"uv":[7.5,11.25,7.25,11],"texture":"#0"},"down":{"uv":[11.25,7.25,11,7.5],"texture":"#0"}}},{"from":[4.6,10,0.5],"to":[5.6,17,1.5],"rotation":{"angle":0,"axis":"y","origin":[0.6,16,0.5]},"faces":{"north":{"uv":[5.25,0.75,5.5,2.5],"texture":"#0"},"east":{"uv":[8,2.75,8.25,4.5],"texture":"#0"},"south":{"uv":[8,5.25,8.25,7],"texture":"#0"},"west":{"uv":[1.5,8.25,1.75,10],"texture":"#0"},"up":{"uv":[7.75,11.25,7.5,11],"texture":"#0"},"down":{"uv":[11.25,7.5,11,7.75],"texture":"#0"}}},{"from":[12.4,10.1,0.5],"to":[13.4,17.1,1.5],"rotation":{"angle":0,"axis":"y","origin":[8.4,16.1,0.5]},"faces":{"north":{"uv":[1.75,8.25,2,10],"texture":"#0"},"east":{"uv":[2,8.25,2.25,10],"texture":"#0"},"south":{"uv":[8.25,2.75,8.5,4.5],"texture":"#0"},"west":{"uv":[8.25,5.25,8.5,7],"texture":"#0"},"up":{"uv":[8,11.25,7.75,11],"texture":"#0"},"down":{"uv":[11.25,7.75,11,8],"texture":"#0"}}},{"from":[12,11,3],"to":[13,14,4],"rotation":{"angle":0,"axis":"y","origin":[8,16,4]},"faces":{"north":{"uv":[10.25,0,10.5,0.75],"texture":"#0"},"east":{"uv":[1,10.25,1.25,11],"texture":"#0"},"south":{"uv":[1.25,10.25,1.5,11],"texture":"#0"},"west":{"uv":[10.25,1.25,10.5,2],"texture":"#0"},"up":{"uv":[8.25,11.25,8,11],"texture":"#0"},"down":{"uv":[11.25,8,11,8.25],"texture":"#0"}}},{"from":[12,10,4],"to":[13,14,5],"rotation":{"angle":0,"axis":"y","origin":[8,16,5]},"faces":{"north":{"uv":[9.5,1.25,9.75,2.25],"texture":"#0"},"east":{"uv":[3.75,9.5,4,10.5],"texture":"#0"},"south":{"uv":[4,9.5,4.25,10.5],"texture":"#0"},"west":{"uv":[4.25,9.5,4.5,10.5],"texture":"#0"},"up":{"uv":[8.5,11.25,8.25,11],"texture":"#0"},"down":{"uv":[11.25,8.25,11,8.5],"texture":"#0"}}},{"from":[12,11,5],"to":[13,14,7],"rotation":{"angle":0,"axis":"y","origin":[8,16,6]},"faces":{"north":{"uv":[2.25,10.25,2.5,11],"texture":"#0"},"east":{"uv":[8.5,3.5,9,4.25],"texture":"#0"},"south":{"uv":[2.5,10.25,2.75,11],"texture":"#0"},"west":{"uv":[8.5,5.25,9,6],"texture":"#0"},"up":{"uv":[7.5,11,7.25,10.5],"texture":"#0"},"down":{"uv":[8.75,10.5,8.5,11],"texture":"#0"}}},{"from":[12,10,7],"to":[13,14,8],"rotation":{"angle":0,"axis":"y","origin":[8,16,7]},"faces":{"north":{"uv":[9.5,4.5,9.75,5.5],"texture":"#0"},"east":{"uv":[9.5,5.5,9.75,6.5],"texture":"#0"},"south":{"uv":[6.75,9.5,7,10.5],"texture":"#0"},"west":{"uv":[7,9.5,7.25,10.5],"texture":"#0"},"up":{"uv":[8.75,11.25,8.5,11],"texture":"#0"},"down":{"uv":[11.25,8.5,11,8.75],"texture":"#0"}}},{"from":[12,11,8],"to":[13,14,9],"rotation":{"angle":0,"axis":"y","origin":[8,16,8]},"faces":{"north":{"uv":[4.5,10.25,4.75,11],"texture":"#0"},"east":{"uv":[4.75,10.25,5,11],"texture":"#0"},"south":{"uv":[5,10.25,5.25,11],"texture":"#0"},"west":{"uv":[5.25,10.25,5.5,11],"texture":"#0"},"up":{"uv":[9,11.25,8.75,11],"texture":"#0"},"down":{"uv":[11.25,8.75,11,9],"texture":"#0"}}},{"from":[5,11,8],"to":[6,14,9],"rotation":{"angle":0,"axis":"y","origin":[1,16,8]},"faces":{"north":{"uv":[5.5,10.25,5.75,11],"texture":"#0"},"east":{"uv":[5.75,10.25,6,11],"texture":"#0"},"south":{"uv":[6,10.25,6.25,11],"texture":"#0"},"west":{"uv":[7.5,10.25,7.75,11],"texture":"#0"},"up":{"uv":[9.25,11.25,9,11],"texture":"#0"},"down":{"uv":[11.25,9,11,9.25],"texture":"#0"}}},{"from":[5,10,7],"to":[6,14,8],"rotation":{"angle":0,"axis":"y","origin":[1,16,7]},"faces":{"north":{"uv":[9.5,7,9.75,8],"texture":"#0"},"east":{"uv":[7.25,9.5,7.5,10.5],"texture":"#0"},"south":{"uv":[9.5,8,9.75,9],"texture":"#0"},"west":{"uv":[9,9.5,9.25,10.5],"texture":"#0"},"up":{"uv":[9.5,11.25,9.25,11],"texture":"#0"},"down":{"uv":[11.25,9.25,11,9.5],"texture":"#0"}}},{"from":[5,11,5],"to":[6,14,7],"rotation":{"angle":0,"axis":"y","origin":[1,16,6]},"faces":{"north":{"uv":[7.75,10.25,8,11],"texture":"#0"},"east":{"uv":[8.5,6,9,6.75],"texture":"#0"},"south":{"uv":[8,10.25,8.25,11],"texture":"#0"},"west":{"uv":[6.25,8.5,6.75,9.25],"texture":"#0"},"up":{"uv":[1.25,11.5,1,11],"texture":"#0"},"down":{"uv":[1.5,11,1.25,11.5],"texture":"#0"}}},{"from":[5,10,4],"to":[6,14,5],"rotation":{"angle":0,"axis":"y","origin":[1,16,5]},"faces":{"north":{"uv":[9.5,9,9.75,10],"texture":"#0"},"east":{"uv":[9.25,9.5,9.5,10.5],"texture":"#0"},"south":{"uv":[0,9.75,0.25,10.75],"texture":"#0"},"west":{"uv":[0.25,9.75,0.5,10.75],"texture":"#0"},"up":{"uv":[11.25,9.75,11,9.5],"texture":"#0"},"down":{"uv":[11.25,9.75,11,10],"texture":"#0"}}},{"from":[5,11,3],"to":[6,14,4],"rotation":{"angle":0,"axis":"y","origin":[1,16,4]},"faces":{"north":{"uv":[8.25,10.25,8.5,11],"texture":"#0"},"east":{"uv":[8.75,10.25,9,11],"texture":"#0"},"south":{"uv":[10.25,8.75,10.5,9.5],"texture":"#0"},"west":{"uv":[10.25,9.5,10.5,10.25],"texture":"#0"},"up":{"uv":[10.25,11.25,10,11],"texture":"#0"},"down":{"uv":[11.25,10,11,10.25],"texture":"#0"}}},{"from":[6,13,1],"to":[7,14,2],"rotation":{"angle":0,"axis":"y","origin":[2,16,2]},"faces":{"north":{"uv":[10.25,11,10.5,11.25],"texture":"#0"},"east":{"uv":[11,10.25,11.25,10.5],"texture":"#0"},"south":{"uv":[11,10.5,11.25,10.75],"texture":"#0"},"west":{"uv":[11,10.75,11.25,11],"texture":"#0"},"up":{"uv":[11.25,11.25,11,11],"texture":"#0"},"down":{"uv":[0.25,11.25,0,11.5],"texture":"#0"}}},{"from":[5,10,1],"to":[6,14,3],"rotation":{"angle":0,"axis":"y","origin":[1,16,2]},"faces":{"north":{"uv":[0.5,9.75,0.75,10.75],"texture":"#0"},"east":{"uv":[1,7.75,1.5,8.75],"texture":"#0"},"south":{"uv":[0.75,9.75,1,10.75],"texture":"#0"},"west":{"uv":[2.25,7.75,2.75,8.75],"texture":"#0"},"up":{"uv":[1.75,11.5,1.5,11],"texture":"#0"},"down":{"uv":[11.25,1.5,11,2],"texture":"#0"}}},{"from":[8,13,1],"to":[9,14,2],"rotation":{"angle":0,"axis":"y","origin":[4,16,2]},"faces":{"north":{"uv":[11.25,0,11.5,0.25],"texture":"#0"},"east":{"uv":[0.25,11.25,0.5,11.5],"texture":"#0"},"south":{"uv":[11.25,0.25,11.5,0.5],"texture":"#0"},"west":{"uv":[0.5,11.25,0.75,11.5],"texture":"#0"},"up":{"uv":[11.5,0.75,11.25,0.5],"texture":"#0"},"down":{"uv":[1,11.25,0.75,11.5],"texture":"#0"}}},{"from":[5,14,8],"to":[13,17,9],"rotation":{"angle":0,"axis":"y","origin":[7,16,9]},"faces":{"north":{"uv":[0,4.75,2,5.5],"texture":"#0"},"east":{"uv":[10,10.25,10.25,11],"texture":"#0"},"south":{"uv":[5.25,0,7.25,0.75],"texture":"#0"},"west":{"uv":[10.25,10.25,10.5,11],"texture":"#0"},"up":{"uv":[9.75,2.5,7.75,2.25],"texture":"#0"},"down":{"uv":[9.75,2.5,7.75,2.75],"texture":"#0"}}},{"from":[5.5,12,9],"to":[12.5,17,10],"rotation":{"angle":0,"axis":"y","origin":[7,16,10]},"faces":{"north":{"uv":[2,3,3.75,4.25],"texture":"#0"},"east":{"uv":[4.5,9,4.75,10.25],"texture":"#0"},"south":{"uv":[3.5,0,5.25,1.25],"texture":"#0"},"west":{"uv":[4.75,9,5,10.25],"texture":"#0"},"up":{"uv":[3.75,4.5,2,4.25],"texture":"#0"},"down":{"uv":[9.75,0,8,0.25],"texture":"#0"}}},{"from":[5.7,10.6,8.5],"to":[12.3,15,9.5],"rotation":{"angle":0,"axis":"y","origin":[7,14,9.5]},"faces":{"north":{"uv":[3.5,1.25,5.125,2.375],"texture":"#0"},"east":{"uv":[9.25,8.25,9.5,9.375],"texture":"#0"},"south":{"uv":[3.75,2.5,5.375,3.625],"texture":"#0"},"west":{"uv":[8.5,9.25,8.75,10.375],"texture":"#0"},"up":{"uv":[9.625,0.5,8,0.25],"texture":"#0"},"down":{"uv":[9.625,0.5,8,0.75],"texture":"#0"}}},{"from":[6.1,9.6,8.5],"to":[7,10.6,9.5],"rotation":{"angle":0,"axis":"y","origin":[7,13,9.5]},"faces":{"north":{"uv":[3.25,11.25,3.5,11.5],"texture":"#0"},"east":{"uv":[11.25,3.25,11.5,3.5],"texture":"#0"},"south":{"uv":[11.25,3.5,11.5,3.75],"texture":"#0"},"west":{"uv":[3.75,11.25,4,11.5],"texture":"#0"},"up":{"uv":[11.5,4,11.25,3.75],"texture":"#0"},"down":{"uv":[4.25,11.25,4,11.5],"texture":"#0"}}},{"from":[10.8,9.6,8.5],"to":[11.7,10.6,9.5],"rotation":{"angle":0,"axis":"y","origin":[11.7,13,9.5]},"faces":{"north":{"uv":[11.25,4,11.5,4.25],"texture":"#0"},"east":{"uv":[4.25,11.25,4.5,11.5],"texture":"#0"},"south":{"uv":[4.5,11.25,4.75,11.5],"texture":"#0"},"west":{"uv":[4.75,11.25,5,11.5],"texture":"#0"},"up":{"uv":[5.25,11.5,5,11.25],"texture":"#0"},"down":{"uv":[5.5,11.25,5.25,11.5],"texture":"#0"}}},{"from":[8.1,9.2,8.5],"to":[10,10.6,9.5],"rotation":{"angle":0,"axis":"y","origin":[9,13,9.5]},"faces":{"north":{"uv":[10.5,1.5,11,1.875],"texture":"#0"},"east":{"uv":[11,6,11.25,6.375],"texture":"#0"},"south":{"uv":[10.5,2,11,2.375],"texture":"#0"},"west":{"uv":[6.25,11,6.5,11.375],"texture":"#0"},"up":{"uv":[4.25,11.25,3.75,11],"texture":"#0"},"down":{"uv":[4.75,11,4.25,11.25],"texture":"#0"}}},{"from":[5,14,2],"to":[6,17,8],"rotation":{"angle":0,"axis":"y","origin":[7,16,8]},"faces":{"north":{"uv":[10.5,2.5,10.75,3.25],"texture":"#0"},"east":{"uv":[5.5,3,7,3.75],"texture":"#0"},"south":{"uv":[2.75,10.5,3,11.25],"texture":"#0"},"west":{"uv":[5.75,3.75,7.25,4.5],"texture":"#0"},"up":{"uv":[3,10.5,2.75,9],"texture":"#0"},"down":{"uv":[3.25,9,3,10.5],"texture":"#0"}}},{"from":[12,14,2],"to":[13,17,8],"rotation":{"angle":0,"axis":"y","origin":[14,16,8]},"faces":{"north":{"uv":[3,10.5,3.25,11.25],"texture":"#0"},"east":{"uv":[5.75,5.25,7.25,6],"texture":"#0"},"south":{"uv":[3.25,10.5,3.5,11.25],"texture":"#0"},"west":{"uv":[6,4.5,7.5,5.25],"texture":"#0"},"up":{"uv":[3.5,10.5,3.25,9],"texture":"#0"},"down":{"uv":[3.75,9,3.5,10.5],"texture":"#0"}}},{"from":[6,18,2],"to":[12,19,8],"rotation":{"angle":0,"axis":"y","origin":[7,18,2]},"faces":{"north":{"uv":[8.5,4.25,10,4.5],"texture":"#0"},"east":{"uv":[8.5,6.75,10,7],"texture":"#0"},"south":{"uv":[9,0.75,10.5,1],"texture":"#0"},"west":{"uv":[9,1,10.5,1.25],"texture":"#0"},"up":{"uv":[3.5,1.5,2,0],"texture":"#0"},"down":{"uv":[3.5,1.5,2,3],"texture":"#0"}}},{"from":[14.9,18.4,9.3],"to":[15.4,22.4,10.3],"rotation":{"angle":-22.5,"axis":"x","origin":[12.775,20.4,9.8]},"faces":{"north":{"uv":[11,3.25,11.125,4.25],"texture":"#0"},"east":{"uv":[1.75,10,2,11],"texture":"#0"},"south":{"uv":[3.5,11,3.625,12],"texture":"#0"},"west":{"uv":[2,10,2.25,11],"texture":"#0"},"up":{"uv":[7.875,11.5,7.75,11.25],"texture":"#0"},"down":{"uv":[11.375,7.75,11.25,8],"texture":"#0"}}},{"from":[13.9,17.9,9.3],"to":[14.9,22.9,10.3],"rotation":{"angle":-22.5,"axis":"x","origin":[12.775,20.4,9.8]},"faces":{"north":{"uv":[9.25,5.25,9.5,6.5],"texture":"#0"},"east":{"uv":[6.25,9.25,6.5,10.5],"texture":"#0"},"south":{"uv":[6.5,9.25,6.75,10.5],"texture":"#0"},"west":{"uv":[9.25,7,9.5,8.25],"texture":"#0"},"up":{"uv":[3.25,11.5,3,11.25],"texture":"#0"},"down":{"uv":[11.5,3,11.25,3.25],"texture":"#0"}}},{"from":[11.9,17.4,9.3],"to":[13.9,23.4,10.3],"rotation":{"angle":-22.5,"axis":"x","origin":[12.775,20.4,9.8]},"faces":{"north":{"uv":[6.25,0.75,6.75,2.25],"texture":"#0"},"east":{"uv":[2.25,8.75,2.5,10.25],"texture":"#0"},"south":{"uv":[6.25,6,6.75,7.5],"texture":"#0"},"west":{"uv":[2.5,8.75,2.75,10.25],"texture":"#0"},"up":{"uv":[2.75,11.25,2.25,11],"texture":"#0"},"down":{"uv":[11.5,2.25,11,2.5],"texture":"#0"}}},{"from":[10.9,17.9,9.3],"to":[11.9,22.9,10.3],"rotation":{"angle":-22.5,"axis":"x","origin":[12.775,20.4,9.8]},"faces":{"north":{"uv":[7.75,9,8,10.25],"texture":"#0"},"east":{"uv":[8,9,8.25,10.25],"texture":"#0"},"south":{"uv":[8.25,9,8.5,10.25],"texture":"#0"},"west":{"uv":[9,8.25,9.25,9.5],"texture":"#0"},"up":{"uv":[3,11.5,2.75,11.25],"texture":"#0"},"down":{"uv":[11.5,2.75,11.25,3],"texture":"#0"}}},{"from":[9.9,18.4,9.3],"to":[10.9,22.4,10.3],"rotation":{"angle":-22.5,"axis":"x","origin":[12.775,20.4,9.8]},"faces":{"north":{"uv":[9.75,8,10,9],"texture":"#0"},"east":{"uv":[9.75,9,10,10],"texture":"#0"},"south":{"uv":[10,1.25,10.25,2.25],"texture":"#0"},"west":{"uv":[1.5,10,1.75,11],"texture":"#0"},"up":{"uv":[2.75,11.5,2.5,11.25],"texture":"#0"},"down":{"uv":[11.5,2.5,11.25,2.75],"texture":"#0"}}},{"from":[7.9,18.9,9.3],"to":[9.9,21.9,10.3],"rotation":{"angle":-22.5,"axis":"x","origin":[6.025,20.4,9.8]},"faces":{"north":{"uv":[8.5,7.75,9,8.5],"texture":"#0"},"east":{"uv":[10.5,0,10.75,0.75],"texture":"#0"},"south":{"uv":[8.5,8.5,9,9.25],"texture":"#0"},"west":{"uv":[10.5,0.75,10.75,1.5],"texture":"#0"},"up":{"uv":[10,6.75,9.5,6.5],"texture":"#0"},"down":{"uv":[10.25,0.5,9.75,0.75],"texture":"#0"}}},{"from":[5.9,17.9,9.3],"to":[6.9,22.9,10.3],"rotation":{"angle":-22.5,"axis":"x","origin":[5.025,20.4,9.8]},"faces":{"north":{"uv":[5,9,5.25,10.25],"texture":"#0"},"east":{"uv":[5.25,9,5.5,10.25],"texture":"#0"},"south":{"uv":[9,5.25,9.25,6.5],"texture":"#0"},"west":{"uv":[5.5,9,5.75,10.25],"texture":"#0"},"up":{"uv":[11.5,1,11.25,0.75],"texture":"#0"},"down":{"uv":[11.5,1,11.25,1.25],"texture":"#0"}}},{"from":[6.9,18.4,9.3],"to":[7.9,22.4,10.3],"rotation":{"angle":-22.5,"axis":"x","origin":[5.025,20.4,9.8]},"faces":{"north":{"uv":[9.75,3.25,10,4.25],"texture":"#0"},"east":{"uv":[9.75,4.5,10,5.5],"texture":"#0"},"south":{"uv":[9.75,5.5,10,6.5],"texture":"#0"},"west":{"uv":[9.75,7,10,8],"texture":"#0"},"up":{"uv":[11.5,2,11.25,1.75],"texture":"#0"},"down":{"uv":[2.5,11.25,2.25,11.5],"texture":"#0"}}},{"from":[3.9,17.4,9.3],"to":[5.9,23.4,10.3],"rotation":{"angle":-22.5,"axis":"x","origin":[5.025,20.4,9.8]},"faces":{"north":{"uv":[1.5,5.5,2,7],"texture":"#0"},"east":{"uv":[1,8.75,1.25,10.25],"texture":"#0"},"south":{"uv":[5.75,6,6.25,7.5],"texture":"#0"},"west":{"uv":[1.25,8.75,1.5,10.25],"texture":"#0"},"up":{"uv":[11.25,3.25,10.75,3],"texture":"#0"},"down":{"uv":[11.5,2,11,2.25],"texture":"#0"}}},{"from":[2.9,17.9,9.3],"to":[3.9,22.9,10.3],"rotation":{"angle":-22.5,"axis":"x","origin":[5.025,20.4,9.8]},"faces":{"north":{"uv":[5.75,9,6,10.25],"texture":"#0"},"east":{"uv":[6,9,6.25,10.25],"texture":"#0"},"south":{"uv":[9,7,9.25,8.25],"texture":"#0"},"west":{"uv":[7.5,9,7.75,10.25],"texture":"#0"},"up":{"uv":[11.5,1.5,11.25,1.25],"texture":"#0"},"down":{"uv":[11.5,1.5,11.25,1.75],"texture":"#0"}}},{"from":[2.4,18.4,9.3],"to":[2.9,22.4,10.3],"rotation":{"angle":-22.5,"axis":"x","origin":[5.025,20.4,9.8]},"faces":{"north":{"uv":[1.75,11,1.875,12],"texture":"#0"},"east":{"uv":[9.75,1.25,10,2.25],"texture":"#0"},"south":{"uv":[2,11,2.125,12],"texture":"#0"},"west":{"uv":[9.75,2.25,10,3.25],"texture":"#0"},"up":{"uv":[7.625,11.5,7.5,11.25],"texture":"#0"},"down":{"uv":[11.375,7.5,11.25,7.75],"texture":"#0"}}},{"from":[10.5,17.4,6.4],"to":[13.5,20.4,9.4],"rotation":{"angle":0,"axis":"y","origin":[7.5,17.4,6.4]},"faces":{"north":{"uv":[6.25,2.25,7,3],"texture":"#0"},"east":{"uv":[6.75,0.75,7.5,1.5],"texture":"#0"},"south":{"uv":[6.75,1.5,7.5,2.25],"texture":"#0"},"west":{"uv":[6.75,6,7.5,6.75],"texture":"#0"},"up":{"uv":[7.5,7.5,6.75,6.75],"texture":"#0"},"down":{"uv":[7.75,2.25,7,3],"texture":"#0"}}},{"from":[12.2,16.5,7.7],"to":[14.2,18.5,9.7],"rotation":{"angle":22.5,"axis":"z","origin":[13.2,17.5,8.7]},"faces":{"north":{"uv":[10,5.75,10.5,6.25],"texture":"#0"},"east":{"uv":[10,6.25,10.5,6.75],"texture":"#0"},"south":{"uv":[10,6.75,10.5,7.25],"texture":"#0"},"west":{"uv":[10,7.25,10.5,7.75],"texture":"#0"},"up":{"uv":[10.5,8.25,10,7.75],"texture":"#0"},"down":{"uv":[10.5,8.25,10,8.75],"texture":"#0"}}},{"from":[13.1,17,9.2],"to":[15.1,18,11.2],"rotation":{"angle":45,"axis":"y","origin":[14.1,15,10.2]},"faces":{"north":{"uv":[11,5,11.5,5.25],"texture":"#0"},"east":{"uv":[5.25,11,5.75,11.25],"texture":"#0"},"south":{"uv":[11,5.25,11.5,5.5],"texture":"#0"},"west":{"uv":[11,5.5,11.5,5.75],"texture":"#0"},"up":{"uv":[10.5,5.25,10,4.75],"texture":"#0"},"down":{"uv":[10.5,5.25,10,5.75],"texture":"#0"}}},{"from":[12.8,8,8.9],"to":[15.4,17,11.5],"rotation":{"angle":45,"axis":"y","origin":[14.1,15,10.2]},"faces":{"north":{"uv":[5,5.25,5.625,7.5],"texture":"#0"},"east":{"uv":[0,5.5,0.625,7.75],"texture":"#0"},"south":{"uv":[0.75,5.5,1.375,7.75],"texture":"#0"},"west":{"uv":[5.5,0.75,6.125,3],"texture":"#0"},"up":{"uv":[8.375,8.875,7.75,8.25],"texture":"#0"},"down":{"uv":[9.125,2.75,8.5,3.375],"texture":"#0"}}},{"from":[2.4,8,8.9],"to":[5,17,11.5],"rotation":{"angle":45,"axis":"y","origin":[3.7,15,10.2]},"faces":{"north":{"uv":[2,5.25,2.625,7.5],"texture":"#0"},"east":{"uv":[2.75,5.25,3.375,7.5],"texture":"#0"},"south":{"uv":[3.5,5.25,4.125,7.5],"texture":"#0"},"west":{"uv":[4.25,5.25,4.875,7.5],"texture":"#0"},"up":{"uv":[8.875,1.375,8.25,0.75],"texture":"#0"},"down":{"uv":[8.875,7,8.25,7.625],"texture":"#0"}}},{"from":[2.7,17,9.2],"to":[4.7,18,11.2],"rotation":{"angle":45,"axis":"y","origin":[3.7,15,10.2]},"faces":{"north":{"uv":[11,4.25,11.5,4.5],"texture":"#0"},"east":{"uv":[11,4.5,11.5,4.75],"texture":"#0"},"south":{"uv":[4.75,11,5.25,11.25],"texture":"#0"},"west":{"uv":[11,4.75,11.5,5],"texture":"#0"},"up":{"uv":[10.5,4.25,10,3.75],"texture":"#0"},"down":{"uv":[10.5,4.25,10,4.75],"texture":"#0"}}},{"from":[3.7,16.5,7.7],"to":[5.7,18.5,9.7],"rotation":{"angle":-22.5,"axis":"z","origin":[4.7,17.5,8.7]},"faces":{"north":{"uv":[1.5,7,2,7.5],"texture":"#0"},"east":{"uv":[9.25,2.75,9.75,3.25],"texture":"#0"},"south":{"uv":[9.75,0,10.25,0.5],"texture":"#0"},"west":{"uv":[10,2.25,10.5,2.75],"texture":"#0"},"up":{"uv":[10.5,3.25,10,2.75],"texture":"#0"},"down":{"uv":[10.5,3.25,10,3.75],"texture":"#0"}}},{"from":[4.4,17.4,6.4],"to":[7.4,20.4,9.4],"rotation":{"angle":0,"axis":"y","origin":[1.4,17.4,6.4]},"faces":{"north":{"uv":[7,3,7.75,3.75],"texture":"#0"},"east":{"uv":[7.25,0,8,0.75],"texture":"#0"},"south":{"uv":[7.25,3.75,8,4.5],"texture":"#0"},"west":{"uv":[7.25,5.25,8,6],"texture":"#0"},"up":{"uv":[8.25,1.5,7.5,0.75],"texture":"#0"},"down":{"uv":[2.25,7.5,1.5,8.25],"texture":"#0"}}},{"from":[2.9,3,9.4],"to":[4.5,8,11],"rotation":{"angle":0,"axis":"y","origin":[3.7,5.5,10.2]},"faces":{"north":{"uv":[2.75,7.75,3.125,9],"texture":"#0"},"east":{"uv":[3.25,7.75,3.625,9],"texture":"#0"},"south":{"uv":[3.75,7.75,4.125,9],"texture":"#0"},"west":{"uv":[4.25,7.75,4.625,9],"texture":"#0"},"up":{"uv":[9.375,10.875,9,10.5],"texture":"#0"},"down":{"uv":[10.875,9.25,10.5,9.625],"texture":"#0"}}},{"from":[2.9,1.5,9.7],"to":[4.5,3.5,11.3],"rotation":{"angle":-22.5,"axis":"x","origin":[8.9,2.5,10.5]},"faces":{"north":{"uv":[10.5,3.25,10.875,3.75],"texture":"#0"},"east":{"uv":[3.5,10.5,3.875,11],"texture":"#0"},"south":{"uv":[10.5,3.75,10.875,4.25],"texture":"#0"},"west":{"uv":[4,10.5,4.375,11],"texture":"#0"},"up":{"uv":[0.375,11.125,0,10.75],"texture":"#0"},"down":{"uv":[11.125,0,10.75,0.375],"texture":"#0"}}},{"from":[2.9,0.8,10.4],"to":[4.5,2.4,12.4],"rotation":{"angle":22.5,"axis":"x","origin":[8.9,1.6,11.4]},"faces":{"north":{"uv":[10.75,1,11.125,1.375],"texture":"#0"},"east":{"uv":[6.25,10.5,6.75,10.875],"texture":"#0"},"south":{"uv":[10.75,2.5,11.125,2.875],"texture":"#0"},"west":{"uv":[10.5,6.25,11,6.625],"texture":"#0"},"up":{"uv":[7.125,11,6.75,10.5],"texture":"#0"},"down":{"uv":[10.875,6.75,10.5,7.25],"texture":"#0"}}},{"from":[13.3,3,9.4],"to":[14.9,8,11],"rotation":{"angle":0,"axis":"y","origin":[14.1,5.5,10.2]},"faces":{"north":{"uv":[4.75,7.75,5.125,9],"texture":"#0"},"east":{"uv":[5.25,7.75,5.625,9],"texture":"#0"},"south":{"uv":[5.75,7.75,6.125,9],"texture":"#0"},"west":{"uv":[7.75,7,8.125,8.25],"texture":"#0"},"up":{"uv":[10.875,10.125,10.5,9.75],"texture":"#0"},"down":{"uv":[10.875,10.25,10.5,10.625],"texture":"#0"}}},{"from":[13.3,1.5,9.7],"to":[14.9,3.5,11.3],"rotation":{"angle":-22.5,"axis":"x","origin":[8.9,2.5,10.5]},"faces":{"north":{"uv":[10.5,4.25,10.875,4.75],"texture":"#0"},"east":{"uv":[10.5,4.75,10.875,5.25],"texture":"#0"},"south":{"uv":[10.5,5.25,10.875,5.75],"texture":"#0"},"west":{"uv":[10.5,5.75,10.875,6.25],"texture":"#0"},"up":{"uv":[0.875,11.125,0.5,10.75],"texture":"#0"},"down":{"uv":[11.125,0.5,10.75,0.875],"texture":"#0"}}},{"from":[13.3,0.8,10.4],"to":[14.9,2.4,12.4],"rotation":{"angle":22.5,"axis":"x","origin":[8.9,1.6,11.4]},"faces":{"north":{"uv":[9.5,10.75,9.875,11.125],"texture":"#0"},"east":{"uv":[10.5,7.25,11,7.625],"texture":"#0"},"south":{"uv":[10.5,10.75,10.875,11.125],"texture":"#0"},"west":{"uv":[10.5,7.75,11,8.125],"texture":"#0"},"up":{"uv":[10.875,8.75,10.5,8.25],"texture":"#0"},"down":{"uv":[10.875,8.75,10.5,9.25],"texture":"#0"}}},{"from":[6.32485,14.56398,0.1],"to":[8.32485,15.56398,0.6],"rotation":{"angle":-22.5,"axis":"z","origin":[5.62485,17.93898,-1.7]},"faces":{"north":{"uv":[5.75,11,6.25,11.25],"texture":"#0"},"east":{"uv":[8,11.25,8.125,11.5],"texture":"#0"},"south":{"uv":[11,5.75,11.5,6],"texture":"#0"},"west":{"uv":[11.25,8,11.375,8.25],"texture":"#0"},"up":{"uv":[11.75,6.875,11.25,6.75],"texture":"#0"},"down":{"uv":[7.5,11.25,7,11.375],"texture":"#0"}}},{"from":[6.32485,17.56398,0.1],"to":[8.32485,18.06398,0.6],"rotation":{"angle":-22.5,"axis":"z","origin":[5.62485,17.93898,-1.7]},"faces":{"north":{"uv":[5.5,11.25,6,11.375],"texture":"#0"},"east":{"uv":[8.25,11.25,8.375,11.375],"texture":"#0"},"south":{"uv":[11.25,6,11.75,6.125],"texture":"#0"},"west":{"uv":[11.25,8.25,11.375,8.375],"texture":"#0"},"up":{"uv":[11.75,6.375,11.25,6.25],"texture":"#0"},"down":{"uv":[7,11.25,6.5,11.375],"texture":"#0"}}},{"from":[5.82485,15.56398,0.1],"to":[8.82485,17.56398,0.6],"rotation":{"angle":-22.5,"axis":"z","origin":[5.62485,17.93898,-1.7]},"faces":{"north":{"uv":[9,3.5,9.75,4],"texture":"#0"},"east":{"uv":[6,11.25,6.125,11.75],"texture":"#0"},"south":{"uv":[3.75,9,4.5,9.5],"texture":"#0"},"west":{"uv":[11.25,7,11.375,7.5],"texture":"#0"},"up":{"uv":[7.25,11.125,6.5,11],"texture":"#0"},"down":{"uv":[11.75,6.5,11,6.625],"texture":"#0"}}}],"display":{"thirdperson_righthand":{"scale":[0.5,0.5,0.5]},"thirdperson_lefthand":{"scale":[0.5,0.5,0.5]},"firstperson_righthand":{"translation":[0.5,0,0],"scale":[0.5,0.5,0.5]},"firstperson_lefthand":{"translation":[1.25,0,0],"scale":[0.5,0.5,0.5]},"ground":{"translation":[0,3.75,0]},"gui":{"rotation":[-155,42,-180],"translation":[0.5,-3.25,0],"scale":[0.7,0.7,0.7]},"head":{"translation":[-1.75,-11.75,5.75],"scale":[2,2,2]},"fixed":{"translation":[0,-3.25,-3.5]}}}