{"credit":"MadewithBlockbench","texture_size":[32,32],"textures":{"2":"discordia:japonesa/mascara_japonesa_5"},"elements":[{"from":[5.75,3.5,8],"to":[11,7,8.75],"rotation":{"angle":0,"axis":"y","origin":[8.375,4.9375,14.95625]},"faces":{"north":{"uv":[0,0,2.5,2],"texture":"#2"},"east":{"uv":[7,8,7.5,10],"texture":"#2"},"south":{"uv":[0,2,2.5,4],"texture":"#2"},"west":{"uv":[7.5,8,8,10],"texture":"#2"},"up":{"uv":[10,2,7.5,1.5],"texture":"#2"},"down":{"uv":[10,4,7.5,4.5],"texture":"#2"}}},{"from":[5.75,0,7.8],"to":[11,3,8.75],"rotation":{"angle":0,"axis":"y","origin":[8.375,4.9375,14.95625]},"faces":{"north":{"uv":[2.5,0,5,1.5],"texture":"#2"},"east":{"uv":[8,6,8.5,7.5],"texture":"#2"},"south":{"uv":[2.5,1.5,5,3],"texture":"#2"},"west":{"uv":[8,8,8.5,9.5],"texture":"#2"},"up":{"uv":[10,5,7.5,4.5],"texture":"#2"},"down":{"uv":[9.5,7.5,7,8],"texture":"#2"}}},{"from":[7.35,3,7.8],"to":[9.35,4,8.725],"rotation":{"angle":0,"axis":"y","origin":[8.375,4.9375,14.95625]},"faces":{"north":{"uv":[8.5,2,9.5,2.5],"texture":"#2"},"east":{"uv":[6,9,6.5,9.5],"texture":"#2"},"south":{"uv":[8.5,2.5,9.5,3],"texture":"#2"},"west":{"uv":[9,6,9.5,6.5],"texture":"#2"},"up":{"uv":[3,9.5,2,9],"texture":"#2"},"down":{"uv":[4,9,3,9.5],"texture":"#2"}}},{"from":[11,0.7,8],"to":[12,11.75,8.75],"rotation":{"angle":0,"axis":"y","origin":[8.375,4.9375,14.95625]},"faces":{"north":{"uv":[2,5,2.5,9],"texture":"#2"},"east":{"uv":[2.5,5,3,9],"texture":"#2"},"south":{"uv":[3,5,3.5,9],"texture":"#2"},"west":{"uv":[3.5,5,4,9],"texture":"#2"},"up":{"uv":[7,9.5,6.5,9],"texture":"#2"},"down":{"uv":[9.5,6.5,9,7],"texture":"#2"}}},{"from":[4.75,0.7,8],"to":[5.75,11.75,8.75],"rotation":{"angle":0,"axis":"y","origin":[8.375,4.9375,14.95625]},"faces":{"north":{"uv":[4,5,4.5,9],"texture":"#2"},"east":{"uv":[4.5,5,5,9],"texture":"#2"},"south":{"uv":[5,5,5.5,9],"texture":"#2"},"west":{"uv":[5.5,5,6,9],"texture":"#2"},"up":{"uv":[9.5,7.5,9,7],"texture":"#2"},"down":{"uv":[9.5,8,9,8.5],"texture":"#2"}}},{"from":[9.5,7,8],"to":[11,11.75,8.75],"rotation":{"angle":0,"axis":"y","origin":[8.375,4.9375,14.95625]},"faces":{"north":{"uv":[6,6,7,7.5],"texture":"#2"},"east":{"uv":[8.5,0,9,1.5],"texture":"#2"},"south":{"uv":[7,6,8,7.5],"texture":"#2"},"west":{"uv":[8.5,6,9,7.5],"texture":"#2"},"up":{"uv":[10,3.5,9,3],"texture":"#2"},"down":{"uv":[10,3.5,9,4],"texture":"#2"}}},{"from":[5.75,7,8],"to":[7.25,11.75,8.75],"rotation":{"angle":0,"axis":"y","origin":[8.375,4.9375,14.95625]},"faces":{"north":{"uv":[7.5,0,8.5,1.5],"texture":"#2"},"east":{"uv":[8.5,8,9,9.5],"texture":"#2"},"south":{"uv":[6,7.5,7,9],"texture":"#2"},"west":{"uv":[9,0,9.5,1.5],"texture":"#2"},"up":{"uv":[5,9.5,4,9],"texture":"#2"},"down":{"uv":[6,9,5,9.5],"texture":"#2"}}},{"from":[5.75,2,8.75],"to":[11,4,8.75],"rotation":{"angle":0,"axis":"y","origin":[8.375,4.9375,14.95625]},"faces":{"north":{"uv":[5,0,7.5,1],"texture":"#2"},"east":{"uv":[0,0,0,1],"texture":"#2"},"south":{"uv":[5,1,7.5,2],"texture":"#2"},"west":{"uv":[0,0,0,1],"texture":"#2"},"up":{"uv":[2.5,0,0,0],"texture":"#2"},"down":{"uv":[2.5,0,0,0],"texture":"#2"}}},{"from":[4.825,3.5,8.5],"to":[5.075,4.75,21.75],"rotation":{"angle":0,"axis":"y","origin":[8.375,4.9375,14.95625]},"faces":{"north":{"uv":[9,8.5,9.5,9],"texture":"#2"},"east":{"uv":[2.5,3,9,3.5],"texture":"#2"},"south":{"uv":[9,9,9.5,9.5],"texture":"#2"},"west":{"uv":[2.5,3.5,9,4],"texture":"#2"},"up":{"uv":[0.5,10.5,0,4],"texture":"#2"},"down":{"uv":[1,4,0.5,10.5],"texture":"#2"}}},{"from":[11.675,3.5,8.5],"to":[11.925,4.75,21.75],"rotation":{"angle":0,"axis":"y","origin":[8.375,4.9375,14.95625]},"faces":{"north":{"uv":[9.5,0,10,0.5],"texture":"#2"},"east":{"uv":[1,4,7.5,4.5],"texture":"#2"},"south":{"uv":[9.5,0.5,10,1],"texture":"#2"},"west":{"uv":[1,4.5,7.5,5],"texture":"#2"},"up":{"uv":[1.5,11.5,1,5],"texture":"#2"},"down":{"uv":[2,5,1.5,11.5],"texture":"#2"}}},{"from":[4.825,3.5,21.525],"to":[11.95,4.75,21.775],"rotation":{"angle":0,"axis":"y","origin":[8.375,4.9375,14.95625]},"faces":{"north":{"uv":[5,2,8.5,2.5],"texture":"#2"},"east":{"uv":[9.5,1,10,1.5],"texture":"#2"},"south":{"uv":[5,2.5,8.5,3],"texture":"#2"},"west":{"uv":[2,9.5,2.5,10],"texture":"#2"},"up":{"uv":[9.5,5.5,6,5],"texture":"#2"},"down":{"uv":[9.5,5.5,6,6],"texture":"#2"}}},{"from":[8.7,7,8],"to":[9.5,7.75,8.8],"rotation":{"angle":0,"axis":"y","origin":[8.375,4.9375,14.95625]},"faces":{"north":{"uv":[9.5,2,10,2.5],"texture":"#2"},"east":{"uv":[2.5,9.5,3,10],"texture":"#2"},"south":{"uv":[9.5,2.5,10,3],"texture":"#2"},"west":{"uv":[3,9.5,3.5,10],"texture":"#2"},"up":{"uv":[4,10,3.5,9.5],"texture":"#2"},"down":{"uv":[4.5,9.5,4,10],"texture":"#2"}}},{"from":[7.25,7,8],"to":[8.05,7.75,8.8],"rotation":{"angle":0,"axis":"y","origin":[8.375,4.9375,14.95625]},"faces":{"north":{"uv":[4.5,9.5,5,10],"texture":"#2"},"east":{"uv":[5,9.5,5.5,10],"texture":"#2"},"south":{"uv":[9.5,5,10,5.5],"texture":"#2"},"west":{"uv":[5.5,9.5,6,10],"texture":"#2"},"up":{"uv":[10,6,9.5,5.5],"texture":"#2"},"down":{"uv":[6.5,9.5,6,10],"texture":"#2"}}},{"from":[7.975,2,7.5],"to":[8.775,2.75,8.05],"rotation":{"angle":0,"axis":"y","origin":[8.375,4.9375,14.95625]},"faces":{"north":{"uv":[4.5,10,5,10.5],"texture":"#2"},"east":{"uv":[5,10,5.5,10.5],"texture":"#2"},"south":{"uv":[10,5,10.5,5.5],"texture":"#2"},"west":{"uv":[5.5,10,6,10.5],"texture":"#2"},"up":{"uv":[10.5,6,10,5.5],"texture":"#2"},"down":{"uv":[6.5,10,6,10.5],"texture":"#2"}}}],"display":{"thirdperson_righthand":{"translation":[-0.5,1.5,-0.75],"scale":[0.9043,0.69531,0.30273]},"thirdperson_lefthand":{"translation":[0.5,1.5,-0.75],"scale":[0.9043,0.69531,0.30273]},"firstperson_righthand":{"rotation":[-180,40.75,-180],"translation":[0,7.5,0]},"firstperson_lefthand":{"rotation":[-180,40.75,-180],"translation":[0,7.5,0]},"ground":{"translation":[0,7.25,0],"scale":[1,1,0.36523]},"gui":{"rotation":[-180,12.25,-180],"translation":[-1,4.5,0],"scale":[1.41602,1.41602,1.41602]},"head":{"translation":[-0.75,5.25,-8.25],"scale":[1.94141,1.55078,1.25977]},"fixed":{"translation":[-1,10.5,-1.75],"scale":[2.83594,2.83594,2.83594]}}}