{"credit":"MadewithBlockbench","texture_size":[128,128],"textures":{"2":"discordia:mascara_wither","particle":"discordia:mascara_wither"},"elements":[{"from":[-6.175,8.75,-0.75],"to":[0.825,10.75,1.25],"rotation":{"angle":-22.5,"axis":"z","origin":[3.825,12,-4]},"faces":{"north":{"uv":[6,3,6.875,3.25],"texture":"#2"},"east":{"uv":[0.875,6.125,1.125,6.375],"texture":"#2"},"south":{"uv":[6,4.875,6.875,5.125],"texture":"#2"},"west":{"uv":[6.375,1.375,6.625,1.625],"texture":"#2"},"up":{"uv":[6.875,5.375,6,5.125],"texture":"#2"},"down":{"uv":[6.875,5.375,6,5.625],"texture":"#2"}}},{"from":[5.075,10,4],"to":[13.825,12,7],"rotation":{"angle":22.5,"axis":"y","origin":[3.825,12,-4]},"faces":{"north":{"uv":[5.625,0.5,6.71875,0.75],"texture":"#2"},"east":{"uv":[6.875,3.625,7.25,3.875],"texture":"#2"},"south":{"uv":[5.625,2.5,6.71875,2.75],"texture":"#2"},"west":{"uv":[6.875,3.875,7.25,4.125],"texture":"#2"},"up":{"uv":[5.84375,2,4.75,1.625],"texture":"#2"},"down":{"uv":[6.21875,3.25,5.125,3.625],"texture":"#2"}}},{"from":[2.075,10,0.625],"to":[10.825,12,3.625],"rotation":{"angle":-22.5,"axis":"y","origin":[3.825,12,-4]},"faces":{"north":{"uv":[2.375,6,3.46875,6.25],"texture":"#2"},"east":{"uv":[6.875,4.125,7.25,4.375],"texture":"#2"},"south":{"uv":[6,2.75,7.09375,3],"texture":"#2"},"west":{"uv":[6.875,4.375,7.25,4.625],"texture":"#2"},"up":{"uv":[1.09375,5.625,0,5.25],"texture":"#2"},"down":{"uv":[6.46875,0.75,5.375,1.125],"texture":"#2"}}},{"from":[20.325,14,-4],"to":[27.825,21.5,4],"rotation":{"angle":0,"axis":"y","origin":[3.825,12,-4]},"faces":{"north":{"uv":[2,4,2.9375,4.9375],"texture":"#2"},"east":{"uv":[2.5,2,3.5,2.9375],"texture":"#2"},"south":{"uv":[3,4,3.9375,4.9375],"texture":"#2"},"west":{"uv":[2.5,3,3.5,3.9375],"texture":"#2"},"up":{"uv":[0.9375,4.25,0,3.25],"texture":"#2"},"down":{"uv":[1.9375,3.25,1,4.25],"texture":"#2"}}},{"from":[-11.675,13,-4],"to":[-4.175,20.5,4],"rotation":{"angle":0,"axis":"y","origin":[3.825,12,-4]},"faces":{"north":{"uv":[4,4,4.9375,4.9375],"texture":"#2"},"east":{"uv":[3.5,0,4.5,0.9375],"texture":"#2"},"south":{"uv":[0,4.25,0.9375,5.1875],"texture":"#2"},"west":{"uv":[3.5,2,4.5,2.9375],"texture":"#2"},"up":{"uv":[4.4375,4,3.5,3],"texture":"#2"},"down":{"uv":[4.6875,1,3.75,2],"texture":"#2"}}},{"from":[3.825,15,-5],"to":[12.7,21,-4.5],"rotation":{"angle":0,"axis":"y","origin":[3.825,12,-4]},"faces":{"north":{"uv":[4.5,0,5.59375,0.75],"texture":"#2"},"east":{"uv":[5.875,6.75,5.9375,7.5],"texture":"#2"},"south":{"uv":[4.5,2,5.59375,2.75],"texture":"#2"},"west":{"uv":[0.375,7,0.4375,7.75],"texture":"#2"},"up":{"uv":[8.21875,0.0625,7.125,0],"texture":"#2"},"down":{"uv":[8.21875,0.125,7.125,0.1875],"texture":"#2"}}},{"from":[3.825,21,-5],"to":[12.825,21,4.5],"rotation":{"angle":0,"axis":"y","origin":[3.825,12,-4]},"faces":{"north":{"uv":[0,0,1.125,0],"texture":"#2"},"east":{"uv":[0,0,1.1875,0],"texture":"#2"},"south":{"uv":[0,0,1.125,0],"texture":"#2"},"west":{"uv":[0,0,1.1875,0],"texture":"#2"},"up":{"uv":[1.125,1.1875,0,0],"texture":"#2"},"down":{"uv":[2.25,0,1.125,1.1875],"texture":"#2"}}},{"from":[3.575,13,4.5],"to":[12.825,21,4.75],"rotation":{"angle":0,"axis":"y","origin":[3.825,12,-4]},"faces":{"north":{"uv":[1.25,2.25,2.40625,3.25],"texture":"#2"},"east":{"uv":[1.75,7.25,1.78125,8.25],"texture":"#2"},"south":{"uv":[2.5,1,3.65625,2],"texture":"#2"},"west":{"uv":[1.875,7.25,1.90625,8.25],"texture":"#2"},"up":{"uv":[8.28125,5.40625,7.125,5.375],"texture":"#2"},"down":{"uv":[8.28125,6.625,7.125,6.65625],"texture":"#2"}}},{"from":[3.575,13,-5],"to":[3.825,21,4.5],"rotation":{"angle":0,"axis":"y","origin":[3.825,12,-4]},"faces":{"north":{"uv":[2.375,7.25,2.40625,8.25],"texture":"#2"},"east":{"uv":[0,1.25,1.1875,2.25],"texture":"#2"},"south":{"uv":[2.5,7.25,2.53125,8.25],"texture":"#2"},"west":{"uv":[1.25,1.25,2.4375,2.25],"texture":"#2"},"up":{"uv":[0.03125,8.4375,0,7.25],"texture":"#2"},"down":{"uv":[0.15625,7.25,0.125,8.4375],"texture":"#2"}}},{"from":[12.575,13,-5],"to":[12.825,21,4.5],"rotation":{"angle":0,"axis":"y","origin":[3.825,12,-4]},"faces":{"north":{"uv":[2.625,7.25,2.65625,8.25],"texture":"#2"},"east":{"uv":[0,2.25,1.1875,3.25],"texture":"#2"},"south":{"uv":[2.75,7.25,2.78125,8.25],"texture":"#2"},"west":{"uv":[2.25,0,3.4375,1],"texture":"#2"},"up":{"uv":[0.28125,8.4375,0.25,7.25],"texture":"#2"},"down":{"uv":[1.28125,7.25,1.25,8.4375],"texture":"#2"}}},{"from":[7.25,0,2],"to":[9.25,10,4],"rotation":{"angle":0,"axis":"y","origin":[-0.75,0,0]},"faces":{"north":{"uv":[1.125,5.125,1.375,6.375],"texture":"#2"},"east":{"uv":[1.375,5.125,1.625,6.375],"texture":"#2"},"south":{"uv":[4.25,5.5,4.5,6.75],"texture":"#2"},"west":{"uv":[4.5,5.5,4.75,6.75],"texture":"#2"},"up":{"uv":[2.5,1.25,2.25,1],"texture":"#2"},"down":{"uv":[4.75,0.75,4.5,1],"texture":"#2"}}},{"from":[7.25,8,4],"to":[9.25,15,6],"rotation":{"angle":0,"axis":"y","origin":[-0.75,0,0]},"faces":{"north":{"uv":[4,6,4.25,6.875],"texture":"#2"},"east":{"uv":[6,5.625,6.25,6.5],"texture":"#2"},"south":{"uv":[0,6.125,0.25,7],"texture":"#2"},"west":{"uv":[0.25,6.125,0.5,7],"texture":"#2"},"up":{"uv":[7.375,0.5,7.125,0.25],"texture":"#2"},"down":{"uv":[7.375,0.75,7.125,1],"texture":"#2"}}},{"from":[5.25,15,4],"to":[11.25,18,6],"rotation":{"angle":0,"axis":"y","origin":[-0.75,0,0]},"faces":{"north":{"uv":[5.875,1.625,6.625,2],"texture":"#2"},"east":{"uv":[4,6.875,4.25,7.25],"texture":"#2"},"south":{"uv":[1.625,6,2.375,6.375],"texture":"#2"},"west":{"uv":[6.875,4.625,7.125,5],"texture":"#2"},"up":{"uv":[7,2.5,6.25,2.25],"texture":"#2"},"down":{"uv":[7.125,1.125,6.375,1.375],"texture":"#2"}}},{"from":[14.825,5.5,-0.75],"to":[21.825,7.5,1.25],"rotation":{"angle":22.5,"axis":"z","origin":[3.825,12,-4]},"faces":{"north":{"uv":[4.75,6.125,5.625,6.375],"texture":"#2"},"east":{"uv":[7.125,1,7.375,1.25],"texture":"#2"},"south":{"uv":[6.25,0,7.125,0.25],"texture":"#2"},"west":{"uv":[7.125,2,7.375,2.25],"texture":"#2"},"up":{"uv":[7.125,0.5,6.25,0.25],"texture":"#2"},"down":{"uv":[7.125,2,6.25,2.25],"texture":"#2"}}},{"from":[22.25,10.25,-4.05],"to":[26.525,10.5,-2],"rotation":{"angle":0,"axis":"y","origin":[-0.75,0,0]},"faces":{"north":{"uv":[7.25,4.25,7.78125,4.28125],"texture":"#2"},"east":{"uv":[7.375,1.125,7.625,1.15625],"texture":"#2"},"south":{"uv":[7.25,4.375,7.78125,4.40625],"texture":"#2"},"west":{"uv":[7.375,2,7.625,2.03125],"texture":"#2"},"up":{"uv":[3.40625,7,2.875,6.75],"texture":"#2"},"down":{"uv":[4.78125,6.75,4.25,7],"texture":"#2"}}},{"from":[22.25,10.25,-2],"to":[26.5,13,-1.75],"rotation":{"angle":0,"axis":"y","origin":[-0.75,0,0]},"faces":{"north":{"uv":[5.375,6.375,5.90625,6.71875],"texture":"#2"},"east":{"uv":[7.25,6,7.28125,6.34375],"texture":"#2"},"south":{"uv":[6.5,0.75,7.03125,1.09375],"texture":"#2"},"west":{"uv":[6.75,7.25,6.78125,7.59375],"texture":"#2"},"up":{"uv":[7.78125,4.53125,7.25,4.5],"texture":"#2"},"down":{"uv":[5.40625,7.25,4.875,7.28125],"texture":"#2"}}},{"from":[26.25,10.5,-4],"to":[26.5,14,-2],"rotation":{"angle":0,"axis":"y","origin":[-0.75,0,0]},"faces":{"north":{"uv":[4,7.25,4.03125,7.6875],"texture":"#2"},"east":{"uv":[4.875,6.75,5.125,7.1875],"texture":"#2"},"south":{"uv":[4.125,7.25,4.15625,7.6875],"texture":"#2"},"west":{"uv":[5.125,6.75,5.375,7.1875],"texture":"#2"},"up":{"uv":[2.15625,7.625,2.125,7.375],"texture":"#2"},"down":{"uv":[2.28125,7.375,2.25,7.625],"texture":"#2"}}},{"from":[22.25,10.5,-4.025],"to":[22.5,14,-2],"rotation":{"angle":0,"axis":"y","origin":[-0.75,0,0]},"faces":{"north":{"uv":[5.5,7.25,5.53125,7.6875],"texture":"#2"},"east":{"uv":[5.375,6.75,5.625,7.1875],"texture":"#2"},"south":{"uv":[7.25,5.5,7.28125,5.9375],"texture":"#2"},"west":{"uv":[5.625,6.75,5.875,7.1875],"texture":"#2"},"up":{"uv":[7.40625,2.75,7.375,2.5],"texture":"#2"},"down":{"uv":[2.90625,7.375,2.875,7.625],"texture":"#2"}}},{"from":[22.125,10.175,2.35],"to":[26.6,14.175,9.1],"rotation":{"angle":-22.5,"axis":"x","origin":[-0.75,0,0]},"faces":{"north":{"uv":[4.75,5.625,5.3125,6.125],"texture":"#2"},"east":{"uv":[5.125,4.625,5.96875,5.125],"texture":"#2"},"south":{"uv":[5.375,5.625,5.9375,6.125],"texture":"#2"},"west":{"uv":[5.125,5.125,5.96875,5.625],"texture":"#2"},"up":{"uv":[5.3125,1.59375,4.75,0.75],"texture":"#2"},"down":{"uv":[2.1875,5,1.625,5.84375],"texture":"#2"}}},{"from":[20.25,16.65,3],"to":[27.85,20,7],"rotation":{"angle":-22.5,"axis":"x","origin":[-0.75,0,0]},"faces":{"north":{"uv":[3.25,5.5,4.1875,5.90625],"texture":"#2"},"east":{"uv":[6.25,6.125,6.75,6.53125],"texture":"#2"},"south":{"uv":[0,5.625,0.9375,6.03125],"texture":"#2"},"west":{"uv":[0.875,6.375,1.375,6.78125],"texture":"#2"},"up":{"uv":[5.9375,4.125,5,3.625],"texture":"#2"},"down":{"uv":[5.9375,4.125,5,4.625],"texture":"#2"}}},{"from":[-9.75,10.25,-4.05],"to":[-5.475,10.5,-2],"rotation":{"angle":0,"axis":"y","origin":[-32.75,0,0]},"faces":{"north":{"uv":[7.25,3.75,7.78125,3.78125],"texture":"#2"},"east":{"uv":[7.375,0.625,7.625,0.65625],"texture":"#2"},"south":{"uv":[7.25,3.875,7.78125,3.90625],"texture":"#2"},"west":{"uv":[7.375,0.75,7.625,0.78125],"texture":"#2"},"up":{"uv":[1.90625,7,1.375,6.75],"texture":"#2"},"down":{"uv":[7.28125,2.5,6.75,2.75],"texture":"#2"}}},{"from":[-9.75,10.25,-2],"to":[-5.5,13,-1.75],"rotation":{"angle":0,"axis":"y","origin":[-32.75,0,0]},"faces":{"north":{"uv":[1.375,6.375,1.90625,6.71875],"texture":"#2"},"east":{"uv":[5.625,7.25,5.65625,7.59375],"texture":"#2"},"south":{"uv":[4.75,6.375,5.28125,6.71875],"texture":"#2"},"west":{"uv":[5.75,7.25,5.78125,7.59375],"texture":"#2"},"up":{"uv":[7.78125,4.03125,7.25,4],"texture":"#2"},"down":{"uv":[7.78125,4.125,7.25,4.15625],"texture":"#2"}}},{"from":[-5.75,10.5,-4],"to":[-5.5,13,-2],"rotation":{"angle":0,"axis":"y","origin":[-32.75,0,0]},"faces":{"north":{"uv":[7.25,7,7.28125,7.3125],"texture":"#2"},"east":{"uv":[4.25,7,4.5,7.3125],"texture":"#2"},"south":{"uv":[7.125,7.25,7.15625,7.5625],"texture":"#2"},"west":{"uv":[4.5,7,4.75,7.3125],"texture":"#2"},"up":{"uv":[0.65625,7.625,0.625,7.375],"texture":"#2"},"down":{"uv":[7.40625,0.875,7.375,1.125],"texture":"#2"}}},{"from":[-9.75,10.5,-4.025],"to":[-9.5,13,-2],"rotation":{"angle":0,"axis":"y","origin":[-32.75,0,0]},"faces":{"north":{"uv":[7.375,0.25,7.40625,0.5625],"texture":"#2"},"east":{"uv":[7,5.5,7.25,5.8125],"texture":"#2"},"south":{"uv":[0.5,7.375,0.53125,7.6875],"texture":"#2"},"west":{"uv":[7,5.875,7.25,6.1875],"texture":"#2"},"up":{"uv":[7.40625,1.625,7.375,1.375],"texture":"#2"},"down":{"uv":[2.03125,7.375,2,7.625],"texture":"#2"}}},{"from":[-9.875,10.175,2.35],"to":[-5.4,14.175,9.1],"rotation":{"angle":-22.5,"axis":"x","origin":[-32.75,0,0]},"faces":{"north":{"uv":[5.625,0,6.1875,0.5],"texture":"#2"},"east":{"uv":[4.25,5,5.09375,5.5],"texture":"#2"},"south":{"uv":[5.625,2,6.1875,2.5],"texture":"#2"},"west":{"uv":[5.125,2.75,5.96875,3.25],"texture":"#2"},"up":{"uv":[1.5625,5.09375,1,4.25],"texture":"#2"},"down":{"uv":[5.0625,2.75,4.5,3.59375],"texture":"#2"}}},{"from":[-11.75,15.65,2],"to":[-4.15,19,6],"rotation":{"angle":-22.5,"axis":"x","origin":[-32.75,0,0]},"faces":{"north":{"uv":[5.375,1.125,6.3125,1.53125],"texture":"#2"},"east":{"uv":[3,6.25,3.5,6.65625],"texture":"#2"},"south":{"uv":[2.25,5.5,3.1875,5.90625],"texture":"#2"},"west":{"uv":[6.25,5.625,6.75,6.03125],"texture":"#2"},"up":{"uv":[3.1875,5.5,2.25,5],"texture":"#2"},"down":{"uv":[4.1875,5,3.25,5.5],"texture":"#2"}}},{"from":[2.01605,22.1188,-1],"to":[4.01605,26.6188,2],"rotation":{"angle":45,"axis":"z","origin":[8.25,22,0]},"faces":{"north":{"uv":[6,6.5,6.25,7.0625],"texture":"#2"},"east":{"uv":[1.625,4.25,2,4.8125],"texture":"#2"},"south":{"uv":[2.375,6.625,2.625,7.1875],"texture":"#2"},"west":{"uv":[0.5,6.125,0.875,6.6875],"texture":"#2"},"up":{"uv":[4.75,4,4.5,3.625],"texture":"#2"},"down":{"uv":[5,3.625,4.75,4],"texture":"#2"}}},{"from":[8.1188,16.23395,-1],"to":[12.6188,18.23395,2],"rotation":{"angle":45,"axis":"z","origin":[8.25,22,0]},"faces":{"north":{"uv":[6.25,6.625,6.8125,6.875],"texture":"#2"},"east":{"uv":[5.625,6.125,6,6.375],"texture":"#2"},"south":{"uv":[6.75,0.5,7.3125,0.75],"texture":"#2"},"west":{"uv":[6.75,6.25,7.125,6.5],"texture":"#2"},"up":{"uv":[2.9375,6.625,2.375,6.25],"texture":"#2"},"down":{"uv":[6.8125,3.25,6.25,3.625],"texture":"#2"}}},{"from":[13.51605,16.8688,-1.4],"to":[15.01605,21.3688,2.4],"rotation":{"angle":-22.5,"axis":"z","origin":[8.25,22,0]},"faces":{"north":{"uv":[6.75,5.625,6.9375,6.1875],"texture":"#2"},"east":{"uv":[2,3.25,2.46875,3.8125],"texture":"#2"},"south":{"uv":[0.75,6.875,0.9375,7.4375],"texture":"#2"},"west":{"uv":[3.5,6,3.96875,6.5625],"texture":"#2"},"up":{"uv":[7.0625,5.46875,6.875,5],"texture":"#2"},"down":{"uv":[6.4375,6.875,6.25,7.34375],"texture":"#2"}}},{"from":[1.26605,16.8688,-1.4],"to":[2.76605,21.3688,2.4],"rotation":{"angle":22.5,"axis":"z","origin":[8.25,22,0]},"faces":{"north":{"uv":[1,6.875,1.1875,7.4375],"texture":"#2"},"east":{"uv":[6,3.625,6.46875,4.1875],"texture":"#2"},"south":{"uv":[6.875,3,7.0625,3.5625],"texture":"#2"},"west":{"uv":[6,4.25,6.46875,4.8125],"texture":"#2"},"up":{"uv":[6.6875,7.34375,6.5,6.875],"texture":"#2"},"down":{"uv":[7.0625,6.5,6.875,6.96875],"texture":"#2"}}},{"from":[-7.45,19.75,-0.75],"to":[-5.45,24,1.75],"rotation":{"angle":-22.5,"axis":"z","origin":[-0.75,0,0]},"faces":{"north":{"uv":[2.625,6.625,2.875,7.15625],"texture":"#2"},"east":{"uv":[2,6.375,2.3125,6.90625],"texture":"#2"},"south":{"uv":[3.5,6.625,3.75,7.15625],"texture":"#2"},"west":{"uv":[6.5,3.625,6.8125,4.15625],"texture":"#2"},"up":{"uv":[7.25,1.9375,7,1.625],"texture":"#2"},"down":{"uv":[2.25,7,2,7.3125],"texture":"#2"}}},{"from":[20.25,13.25,-0.75],"to":[22.25,17.5,1.75],"rotation":{"angle":22.5,"axis":"z","origin":[-0.75,0,0]},"faces":{"north":{"uv":[3.75,6.625,4,7.15625],"texture":"#2"},"east":{"uv":[6.5,4.25,6.8125,4.78125],"texture":"#2"},"south":{"uv":[0.5,6.75,0.75,7.28125],"texture":"#2"},"west":{"uv":[6.625,1.375,6.9375,1.90625],"texture":"#2"},"up":{"uv":[3.125,7.3125,2.875,7],"texture":"#2"},"down":{"uv":[3.375,7,3.125,7.3125],"texture":"#2"}}},{"from":[2,24,0],"to":[3.5,26.5,1],"rotation":{"angle":0,"axis":"y","origin":[-0.75,0,0]},"faces":{"north":{"uv":[7.125,2.875,7.3125,3.1875],"texture":"#2"},"east":{"uv":[4.75,7,4.875,7.3125],"texture":"#2"},"south":{"uv":[7.125,3.25,7.3125,3.5625],"texture":"#2"},"west":{"uv":[6,7.125,6.125,7.4375],"texture":"#2"},"up":{"uv":[1.8125,5,1.625,4.875],"texture":"#2"},"down":{"uv":[4.9375,5.5,4.75,5.625],"texture":"#2"}}},{"from":[12.45,24,0],"to":[13.95,26.5,1],"rotation":{"angle":0,"axis":"y","origin":[-0.75,0,0]},"faces":{"north":{"uv":[7.125,4.625,7.3125,4.9375],"texture":"#2"},"east":{"uv":[6.125,7.125,6.25,7.4375],"texture":"#2"},"south":{"uv":[7.125,5,7.3125,5.3125],"texture":"#2"},"west":{"uv":[7.125,6.25,7.25,6.5625],"texture":"#2"},"up":{"uv":[7.4375,1.75,7.25,1.625],"texture":"#2"},"down":{"uv":[7.4375,1.75,7.25,1.875],"texture":"#2"}}},{"from":[22.5,10.5,-3],"to":[26.25,11.4,-3],"faces":{"north":{"uv":[2,3.875,2.46875,4],"texture":"#2"},"east":{"uv":[0,0,0,0.125],"texture":"#2"},"south":{"uv":[1.625,5.875,2.09375,6],"texture":"#2"},"west":{"uv":[0,0,0,0.125],"texture":"#2"},"up":{"uv":[0.46875,0,0,0],"texture":"#2"},"down":{"uv":[0.46875,0,0,0],"texture":"#2"}}},{"from":[22.5,12.625,-4],"to":[26.25,13.975,-4],"faces":{"north":{"uv":[7,2.25,7.46875,2.40625],"texture":"#2"},"east":{"uv":[0,0,0,0.15625],"texture":"#2"},"south":{"uv":[6.75,7,7.21875,7.15625],"texture":"#2"},"west":{"uv":[0,0,0,0.15625],"texture":"#2"},"up":{"uv":[0.46875,0,0,0],"texture":"#2"},"down":{"uv":[0.46875,0,0,0],"texture":"#2"}}},{"from":[-9.5,10.6,-3.75],"to":[-5.75,11.5,-3.75],"faces":{"north":{"uv":[7.125,1.25,7.59375,1.375],"texture":"#2"},"east":{"uv":[0,0,0,0.125],"texture":"#2"},"south":{"uv":[7.125,2.75,7.59375,2.875],"texture":"#2"},"west":{"uv":[0,0,0,0.125],"texture":"#2"},"up":{"uv":[0.46875,0,0,0],"texture":"#2"},"down":{"uv":[0.46875,0,0,0],"texture":"#2"}}},{"from":[12.675,13.025,-1.925],"to":[13.575,15.1,0.65],"rotation":{"angle":22.5,"axis":"y","origin":[0,0,0]},"faces":{"north":{"uv":[7.125,6.75,7.25,7],"texture":"#2"},"east":{"uv":[0,7,0.3125,7.25],"texture":"#2"},"south":{"uv":[1.375,7.25,1.5,7.5],"texture":"#2"},"west":{"uv":[1.25,7,1.5625,7.25],"texture":"#2"},"up":{"uv":[5.125,4.9375,5,4.625],"texture":"#2"},"down":{"uv":[1.125,5.625,1,5.9375],"texture":"#2"}}},{"from":[1.3,13.025,-8.55],"to":[2.2,15.1,-5.975],"rotation":{"angle":-22.5,"axis":"y","origin":[0,0,0]},"faces":{"north":{"uv":[1.5,7.25,1.625,7.5],"texture":"#2"},"east":{"uv":[7,1.375,7.3125,1.625],"texture":"#2"},"south":{"uv":[1.625,7.25,1.75,7.5],"texture":"#2"},"west":{"uv":[1.625,7,1.9375,7.25],"texture":"#2"},"up":{"uv":[2.375,7.3125,2.25,7],"texture":"#2"},"down":{"uv":[3.5,7,3.375,7.3125],"texture":"#2"}}},{"from":[12.675,13.025,-3.25],"to":[13.2,14.05,-1.9],"rotation":{"angle":22.5,"axis":"y","origin":[0,0,0]},"faces":{"north":{"uv":[1.875,4.875,1.9375,5],"texture":"#2"},"east":{"uv":[7.25,1.875,7.40625,2],"texture":"#2"},"south":{"uv":[1,5.125,1.0625,5.25],"texture":"#2"},"west":{"uv":[3.5,7.25,3.65625,7.375],"texture":"#2"},"up":{"uv":[7.3125,6.53125,7.25,6.375],"texture":"#2"},"down":{"uv":[7.3125,6.75,7.25,6.90625],"texture":"#2"}}},{"from":[1.575,13.025,-9.875],"to":[2.1,14.05,-8.525],"rotation":{"angle":-22.5,"axis":"y","origin":[0,0,0]},"faces":{"north":{"uv":[5,5.5,5.0625,5.625],"texture":"#2"},"east":{"uv":[7.25,3.625,7.40625,3.75],"texture":"#2"},"south":{"uv":[2.125,5.875,2.1875,6],"texture":"#2"},"west":{"uv":[3.75,7.25,3.90625,7.375],"texture":"#2"},"up":{"uv":[6.9375,7.40625,6.875,7.25],"texture":"#2"},"down":{"uv":[7.0625,7.25,7,7.40625],"texture":"#2"}}}],"display":{"thirdperson_righthand":{"translation":[-0.75,0,3.25],"scale":[0.57,0.57,0.61]},"thirdperson_lefthand":{"translation":[-0.75,0,3.25],"scale":[0.57,0.57,0.61]},"firstperson_righthand":{"rotation":[-14,9,0],"translation":[6.5,-2.75,-2.75],"scale":[0.82,1,1]},"firstperson_lefthand":{"rotation":[-14,9,0],"translation":[6.5,-2.75,-2.75],"scale":[0.82,1,1]},"ground":{"translation":[0,6.5,0]},"gui":{"rotation":[-20,158,20],"translation":[1.75,-4.25,0],"scale":[0.6,0.6,0.6]},"head":{"translation":[0,-14,14.75],"scale":[1.78,1.81,1.94]},"fixed":{"rotation":[-90,0,-1],"translation":[0,16,-25.25],"scale":[2.72,2.72,2.72]}}}