{"credit":"MadewithBlockbench","texture_size":[8,8],"textures":{"2":"discordia:gas/mascara_1","3":"discordia:gas/gas_masc_1","4":"discordia:gas/gas_masc_3_azul","5":"discordia:gas/gas_masc_4_azul","6":"discordia:gas/gas_masc_2_azul","particle":"discordia:gas/mascara_1"},"elements":[{"from":[0,1.75,0],"to":[9,11.2,1.175],"rotation":{"angle":0,"axis":"y","origin":[0,1.1,0]},"faces":{"north":{"uv":[0,0,4.5,4.5],"texture":"#3"},"east":{"uv":[4.5,0,5,4.5],"texture":"#3"},"south":{"uv":[0,4.5,4.5,9],"texture":"#3"},"west":{"uv":[4.5,4.5,5,9],"texture":"#3"},"up":{"uv":[9.5,0.5,5,0],"texture":"#3"},"down":{"uv":[9.5,0.5,5,1],"texture":"#3"}}},{"from":[-0.025,2.625,1.125],"to":[-0.025,4.625,10.125],"rotation":{"angle":0,"axis":"y","origin":[0,1.1,0]},"faces":{"north":{"uv":[0,0,0,2],"texture":"#2"},"east":{"uv":[0,0,9,2],"texture":"#2"},"south":{"uv":[0,0,0,2],"texture":"#2"},"west":{"uv":[0,2,9,4],"texture":"#2"},"up":{"uv":[0,9,0,0],"texture":"#2"},"down":{"uv":[0,0,0,9],"texture":"#2"}}},{"from":[8.975,2.625,1.125],"to":[8.975,4.625,10.125],"rotation":{"angle":0,"axis":"y","origin":[0,1.1,0]},"faces":{"north":{"uv":[0,0,0,2],"texture":"#2"},"east":{"uv":[0,0,9,2],"texture":"#2"},"south":{"uv":[0,0,0,2],"texture":"#2"},"west":{"uv":[0,2,9,4],"texture":"#2"},"up":{"uv":[0,9,0,0],"texture":"#2"},"down":{"uv":[0,0,0,9],"texture":"#2"}}},{"from":[-0.025,7.625,1.125],"to":[-0.025,9.625,10.125],"rotation":{"angle":0,"axis":"y","origin":[0,1.1,0]},"faces":{"north":{"uv":[0,0,0,2],"texture":"#2"},"east":{"uv":[0,0,9,2],"texture":"#2"},"south":{"uv":[0,0,0,2],"texture":"#2"},"west":{"uv":[0,2,9,4],"texture":"#2"},"up":{"uv":[0,9,0,0],"texture":"#2"},"down":{"uv":[0,0,0,9],"texture":"#2"}}},{"from":[8.975,7.625,1.125],"to":[8.975,9.625,10.125],"rotation":{"angle":0,"axis":"y","origin":[0,1.1,0]},"faces":{"north":{"uv":[0,0,0,2],"texture":"#2"},"east":{"uv":[0,0,9,2],"texture":"#2"},"south":{"uv":[0,0,0,2],"texture":"#2"},"west":{"uv":[0,2,9,4],"texture":"#2"},"up":{"uv":[0,9,0,0],"texture":"#2"},"down":{"uv":[0,0,0,9],"texture":"#2"}}},{"from":[-0.025,7.625,10.125],"to":[8.975,9.625,10.125],"rotation":{"angle":0,"axis":"y","origin":[3.975,8.625,5.625]},"faces":{"north":{"uv":[0,2,9,4],"texture":"#2"},"east":{"uv":[0,0,0,2],"texture":"#2"},"south":{"uv":[0,0,9,2],"texture":"#2"},"west":{"uv":[0,0,0,2],"texture":"#2"},"up":{"uv":[0,9,0,0],"rotation":90,"texture":"#2"},"down":{"uv":[0,0,0,9],"rotation":270,"texture":"#2"}}},{"from":[-0.025,2.625,10.125],"to":[8.975,4.625,10.125],"rotation":{"angle":0,"axis":"y","origin":[3.975,8.625,5.625]},"faces":{"north":{"uv":[0,2,9,4],"texture":"#2"},"east":{"uv":[0,0,0,2],"texture":"#2"},"south":{"uv":[0,0,9,2],"texture":"#2"},"west":{"uv":[0,0,0,2],"texture":"#2"},"up":{"uv":[0,9,0,0],"rotation":90,"texture":"#2"},"down":{"uv":[0,0,0,9],"rotation":270,"texture":"#2"}}},{"from":[3.475,11.225,1.125],"to":[5.475,11.225,10.225],"rotation":{"angle":0,"axis":"z","origin":[-0.025,12.625,5.625]},"faces":{"north":{"uv":[0,0,0,2],"rotation":270,"texture":"#2"},"east":{"uv":[0,9,0,0],"rotation":90,"texture":"#2"},"south":{"uv":[0,0,0,2],"rotation":90,"texture":"#2"},"west":{"uv":[0,0,0,9],"rotation":90,"texture":"#2"},"up":{"uv":[0,2,9,4],"rotation":90,"texture":"#2"},"down":{"uv":[0,0,9,2],"rotation":90,"texture":"#2"}}},{"from":[3.475,2.625,10.225],"to":[5.475,11.225,10.225],"rotation":{"angle":0,"axis":"x","origin":[4.475,11.225,5.625]},"faces":{"north":{"uv":[0,0,9,2],"rotation":270,"texture":"#2"},"east":{"uv":[0,9,0,0],"texture":"#2"},"south":{"uv":[0,2,9,4],"rotation":90,"texture":"#2"},"west":{"uv":[0,0,0,9],"rotation":180,"texture":"#2"},"up":{"uv":[0,0,0,2],"rotation":90,"texture":"#2"},"down":{"uv":[0,0,0,2],"rotation":90,"texture":"#2"}}},{"from":[6.0493,6.1,2.03807],"to":[9.0493,9.1,3.13807],"rotation":{"angle":-22.5,"axis":"y","origin":[14.0493,7.6,0.08807]},"faces":{"north":{"uv":[6,0,0,6],"texture":"#5"},"east":{"uv":[8,6,6,12],"texture":"#5"},"south":{"uv":[6,6,0,12],"texture":"#5"},"west":{"uv":[8,0,6,6],"texture":"#5"},"up":{"uv":[8,2,14,0],"texture":"#5"},"down":{"uv":[8,2,14,4],"texture":"#5"}}},{"from":[0.4507,6.1,-0.66193],"to":[3.4507,9.1,0.43807],"rotation":{"angle":22.5,"axis":"y","origin":[1.9507,7.6,0.08807]},"faces":{"north":{"uv":[0,0,6,6],"texture":"#5"},"east":{"uv":[6,0,8,6],"texture":"#5"},"south":{"uv":[0,6,6,12],"texture":"#5"},"west":{"uv":[6,6,8,12],"texture":"#5"},"up":{"uv":[14,2,8,0],"texture":"#5"},"down":{"uv":[14,2,8,4],"texture":"#5"}}},{"from":[2.45,2.3,-4.75],"to":[6.55,6.45,0.5],"rotation":{"angle":-22.5,"axis":"x","origin":[4,5.125,-1]},"faces":{"north":{"uv":[0,8,3.5,11.5],"texture":"#6"},"east":{"uv":[0,0,5.5,3.5],"texture":"#6"},"south":{"uv":[10,0,13.5,3.5],"texture":"#6"},"west":{"uv":[0,4,5.5,7.5],"texture":"#6"},"up":{"uv":[9.5,5.5,6,0],"texture":"#6"},"down":{"uv":[9.5,6,6,11.5],"texture":"#6"}}},{"from":[6.30398,2.3,-0.34663],"to":[9.10398,4.9,3.45337],"rotation":{"angle":-22.5,"axis":"y","origin":[15.12322,3.85,0.76256]},"faces":{"north":{"uv":[9,0,6,2.5],"texture":"#4"},"east":{"uv":[8,4,4,6.5],"texture":"#4"},"south":{"uv":[3,7,0,9.5],"texture":"#4"},"west":{"uv":[4,4,0,6.5],"texture":"#4"},"up":{"uv":[0,4,3,0],"texture":"#4"},"down":{"uv":[3,0,6,4],"texture":"#4"}}},{"from":[0.39602,2.3,-3.04663],"to":[3.19602,4.9,0.75337],"rotation":{"angle":22.5,"axis":"y","origin":[0.87678,3.85,0.76256]},"faces":{"north":{"uv":[6,0,9,2.5],"texture":"#4"},"east":{"uv":[0,4,4,6.5],"texture":"#4"},"south":{"uv":[0,7,3,9.5],"texture":"#4"},"west":{"uv":[4,4,8,6.5],"texture":"#4"},"up":{"uv":[3,4,0,0],"texture":"#4"},"down":{"uv":[6,0,3,4],"texture":"#4"}}}],"display":{"thirdperson_righthand":{"translation":[1.75,0,2.5],"scale":[0.58,0.58,0.58]},"thirdperson_lefthand":{"translation":[-2,0,2.5],"scale":[0.58,0.58,0.58]},"firstperson_righthand":{"rotation":[97.42,66.3,-101.71],"translation":[2.5,2.75,0],"scale":[0.62,0.62,0.62]},"firstperson_lefthand":{"rotation":[97.42,66.3,-101.71],"translation":[9.5,0,0]},"ground":{"translation":[3,3,3.25]},"gui":{"rotation":[0,156,0],"translation":[-1.5,1.5,0]},"head":{"translation":[5.75,2,3.75],"scale":[1.66602,1.52539,1.66406]},"fixed":{"rotation":[-91.25,0,0],"translation":[8,6.75,-11],"scale":[2.27148,2.27148,2.27148]}}}