{"credit":"Made with Blockbench","texture_size":[32,32],"textures":{"0":"discordia:nightvision","particle":"discordia:nightvision"},"elements":[{"from":[2,0,4],"to":[7,4,6],"faces":{"north":{"uv":[0,6,2.5,8],"texture":"#0"},"east":{"uv":[2,10,3,12],"texture":"#0"},"south":{"uv":[2.5,6,5,8],"texture":"#0"},"west":{"uv":[3,10,4,12],"texture":"#0"},"up":{"uv":[6.5,9,4,8],"texture":"#0"},"down":{"uv":[9,8,6.5,9],"texture":"#0"}}},{"from":[2.7,0.7,3.6],"to":[6.3,3.3,4.8],"faces":{"north":{"uv":[9,8,10.75,9.25],"texture":"#0"},"east":{"uv":[8,12,8.5,13.25],"texture":"#0"},"south":{"uv":[9.5,0,11.25,1.25],"texture":"#0"},"west":{"uv":[8.5,12,9,13.25],"texture":"#0"},"up":{"uv":[13.25,7,11.5,6.5],"texture":"#0"},"down":{"uv":[13.25,7,11.5,7.5],"texture":"#0"}}},{"from":[9.7,0.7,3.6],"to":[13.3,3.3,4.8],"faces":{"north":{"uv":[9,9.5,10.75,10.75],"texture":"#0"},"east":{"uv":[12,9.5,12.5,10.75],"texture":"#0"},"south":{"uv":[0,10,1.75,11.25],"texture":"#0"},"west":{"uv":[12,11,12.5,12.25],"texture":"#0"},"up":{"uv":[13.25,8,11.5,7.5],"texture":"#0"},"down":{"uv":[5.75,12,4,12.5],"texture":"#0"}}},{"from":[0.2,0.8,4.8],"to":[1.2,3.3,12.1],"faces":{"north":{"uv":[12.5,0,13,1.25],"texture":"#0"},"east":{"uv":[7,2,10.75,3.25],"texture":"#0"},"south":{"uv":[12.5,2.5,13,3.75],"texture":"#0"},"west":{"uv":[7,3.5,10.75,4.75],"texture":"#0"},"up":{"uv":[6.5,14.75,6,11],"texture":"#0"},"down":{"uv":[7,11,6.5,14.75],"texture":"#0"}}},{"from":[0,2.4,5.2],"to":[0.5,2.9,5.8],"faces":{"north":{"uv":[10.5,1.5,10.75,1.75],"texture":"#0"},"east":{"uv":[11,4.5,11.25,4.75],"texture":"#0"},"south":{"uv":[12.5,4,12.75,4.25],"texture":"#0"},"west":{"uv":[5,12.5,5.25,12.75],"texture":"#0"},"up":{"uv":[5.75,12.75,5.5,12.5],"texture":"#0"},"down":{"uv":[12.75,8,12.5,8.25],"texture":"#0"}}},{"from":[0,2.4,6.2],"to":[0.5,2.9,6.8],"faces":{"north":{"uv":[12.5,8.5,12.75,8.75],"texture":"#0"},"east":{"uv":[9,12.5,9.25,12.75],"texture":"#0"},"south":{"uv":[12.5,9,12.75,9.25],"texture":"#0"},"west":{"uv":[9.5,12.5,9.75,12.75],"texture":"#0"},"up":{"uv":[12.75,9.75,12.5,9.5],"texture":"#0"},"down":{"uv":[10.25,12.5,10,12.75],"texture":"#0"}}},{"from":[0,2.4,7.2],"to":[0.5,2.9,7.8],"faces":{"north":{"uv":[12.5,10,12.75,10.25],"texture":"#0"},"east":{"uv":[12.5,10.5,12.75,10.75],"texture":"#0"},"south":{"uv":[12.5,11,12.75,11.25],"texture":"#0"},"west":{"uv":[12.5,11.5,12.75,11.75],"texture":"#0"},"up":{"uv":[12.25,12.75,12,12.5],"texture":"#0"},"down":{"uv":[12.75,12,12.5,12.25],"texture":"#0"}}},{"from":[14.7,0.8,4.8],"to":[15.7,3.3,12.1],"faces":{"north":{"uv":[4,12.5,4.5,13.75],"texture":"#0"},"east":{"uv":[7.5,5,11.25,6.25],"texture":"#0"},"south":{"uv":[4.5,12.5,5,13.75],"texture":"#0"},"west":{"uv":[7.5,6.5,11.25,7.75],"texture":"#0"},"up":{"uv":[7.5,14.75,7,11],"texture":"#0"},"down":{"uv":[8,11,7.5,14.75],"texture":"#0"}}},{"from":[1,0.4,4.4],"to":[15,3.7,5.7],"faces":{"north":{"uv":[0,0,7,1.75],"texture":"#0"},"east":{"uv":[11,9.5,11.75,11.25],"texture":"#0"},"south":{"uv":[0,2,7,3.75],"texture":"#0"},"west":{"uv":[0,11.5,0.75,13.25],"texture":"#0"},"up":{"uv":[7,4.75,0,4],"texture":"#0"},"down":{"uv":[7,5,0,5.75],"texture":"#0"}}},{"from":[5,4,4],"to":[9,8,6],"rotation":{"angle":45,"axis":"z","origin":[8,7,5]},"faces":{"north":{"uv":[0,8,2,10],"texture":"#0"},"east":{"uv":[4,10,5,12],"texture":"#0"},"south":{"uv":[2,8,4,10],"texture":"#0"},"west":{"uv":[5,10,6,12],"texture":"#0"},"up":{"uv":[8,11,6,10],"texture":"#0"},"down":{"uv":[13,1.5,11,2.5],"texture":"#0"}}},{"from":[5.7,4.7,3.6],"to":[8.3,7.3,5.6],"rotation":{"angle":45,"axis":"z","origin":[8,7,5]},"faces":{"north":{"uv":[11,8,12.25,9.25],"texture":"#0"},"east":{"uv":[11.5,0,12.5,1.25],"texture":"#0"},"south":{"uv":[9,11,10.25,12.25],"texture":"#0"},"west":{"uv":[1,11.5,2,12.75],"texture":"#0"},"up":{"uv":[12.75,5.5,11.5,4.5],"texture":"#0"},"down":{"uv":[12.75,5.5,11.5,6.5],"texture":"#0"}}},{"from":[9,0,4],"to":[14,4,6],"faces":{"north":{"uv":[5,6,7.5,8],"texture":"#0"},"east":{"uv":[8,10,9,12],"texture":"#0"},"south":{"uv":[7,0,9.5,2],"texture":"#0"},"west":{"uv":[11,2.5,12,4.5],"texture":"#0"},"up":{"uv":[6.5,10,4,9],"texture":"#0"},"down":{"uv":[9,9,6.5,10],"texture":"#0"}}},{"from":[12.9,0.2,4.7],"to":[13.7,4.4,5.6],"faces":{"north":{"uv":[2.5,12,3,14],"texture":"#0"},"east":{"uv":[12,2.5,12.5,4.5],"texture":"#0"},"south":{"uv":[3,12,3.5,14],"texture":"#0"},"west":{"uv":[3.5,12,4,14],"texture":"#0"},"up":{"uv":[10,2,9.5,1.5],"texture":"#0"},"down":{"uv":[10.5,1.5,10,2],"texture":"#0"}}},{"from":[11.7,0.2,4.7],"to":[12.5,4.4,5.6],"faces":{"north":{"uv":[10.5,11,11,13],"texture":"#0"},"east":{"uv":[11,11.5,11.5,13.5],"texture":"#0"},"south":{"uv":[11.5,11.5,12,13.5],"texture":"#0"},"west":{"uv":[2,12,2.5,14],"texture":"#0"},"up":{"uv":[7.5,5.5,7,5],"texture":"#0"},"down":{"uv":[7.5,5.5,7,6],"texture":"#0"}}}],"display":{"thirdperson_righthand":{"scale":[0.5,0.5,0.5]},"thirdperson_lefthand":{"scale":[0.5,0.5,0.5]},"firstperson_righthand":{"translation":[1.75,3.5,0]},"firstperson_lefthand":{"translation":[2.25,3.75,0]},"ground":{"translation":[0,6,0]},"gui":{"rotation":[-149,52.5,180],"translation":[-0.25,3.5,0]},"head":{"translation":[0,2.75,-4.5]},"fixed":{"translation":[0,3.25,0]}}}