{"credit":"Made with Blockbench","texture_size":[256,256],"textures":{"0":"discordia:aura2"},"elements":[{"from":[-16,-8.34,13.23375],"to":[26.68,32,13.23375],"rotation":{"angle":0,"axis":"y","origin":[0,61.58952,13.23375]},"faces":{"north":{"uv":[2.6875,0,0,2.5],"texture":"#0"},"east":{"uv":[0,0,0,2.5],"texture":"#0"},"south":{"uv":[0,0,2.6875,2.5],"texture":"#0"},"west":{"uv":[0,0,0,2.5],"texture":"#0"},"up":{"uv":[2.6875,0,0,0],"texture":"#0"},"down":{"uv":[2.6875,0,0,0],"texture":"#0"}}}],"display":{"thirdperson_righthand":{"translation":[0,0,-0.75],"scale":[0.2,0.2,0.2]},"thirdperson_lefthand":{"translation":[0,0,-0.75],"scale":[0.2,0.2,0.2]},"firstperson_righthand":{"translation":[1.5,0,0],"scale":[0.2,0.2,0.2]},"firstperson_lefthand":{"translation":[0.25,0,0],"scale":[0.2,0.2,0.2]},"ground":{"translation":[0,12.25,0]},"gui":{"translation":[1.25,-2.25,0],"scale":[0.4,0.4,0.4]},"head":{"rotation":[-17.25,0,180],"translation":[-4,10.5,0.5],"scale":[1.5,1.5,1.5]},"fixed":{"translation":[0,0,-8.75]}}}