{"credit":"Made with Blockbench","parent":"block/block","textures":{"0":"discordia:navidad","1":"discordia:navidad2","particle":"discordia:navidad"},"elements":[{"name":"Anvil base","from":[0,-1,0],"to":[16,4,16],"faces":{"north":{"uv":[2.75,10,6.75,11.25],"texture":"#0"},"east":{"uv":[10.25,0,14.25,1.25],"texture":"#0"},"south":{"uv":[10.25,1.25,14.25,2.5],"texture":"#0"},"west":{"uv":[10.25,2.5,14.25,3.75],"texture":"#0"},"up":{"uv":[4,4,0,0],"texture":"#0"},"down":{"uv":[4,4,0,8],"texture":"#0","cullface":"down"}}},{"name":"Anvil base","from":[1.5,4,1],"to":[14.5,9,15],"faces":{"north":{"uv":[3.5,11.25,6.75,12.5],"texture":"#0"},"east":{"uv":[10.25,3.75,13.75,5],"texture":"#0"},"south":{"uv":[6.75,12,10,13.25],"texture":"#0"},"west":{"uv":[0,11.25,3.5,12.5],"texture":"#0"},"up":{"uv":[7.25,3.5,4,0],"texture":"#0"},"down":{"uv":[7.25,3.5,4,7],"texture":"#0","cullface":"down"}}},{"name":"Anvil base","from":[2.5,7,-5],"to":[13.5,17,7],"rotation":{"angle":45,"axis":"x","origin":[0,0,0]},"faces":{"north":{"uv":[0,8,2.75,10.5],"texture":"#0"},"east":{"uv":[7.25,0,10.25,2.5],"texture":"#0"},"south":{"uv":[9.5,5,12.25,7.5],"texture":"#0"},"west":{"uv":[7.25,2.5,10.25,5],"texture":"#0"},"up":{"uv":[6.75,10,4,7],"texture":"#0"},"down":{"uv":[9.5,7,6.75,10],"texture":"#0","cullface":"down"}}},{"name":"Anvil base","from":[3,0,14],"to":[13,9,20],"rotation":{"angle":-22.5,"axis":"x","origin":[0,0,0]},"faces":{"north":{"uv":[9.5,7.5,12,9.75],"texture":"#0","cullface":"down"},"east":{"uv":[12,9,13.5,11.25],"texture":"#0"},"south":{"uv":[9.5,9.75,12,12],"texture":"#0"},"west":{"uv":[10,12,11.5,14.25],"texture":"#0"},"up":{"uv":[9.25,11.5,6.75,10],"texture":"#0"},"down":{"uv":[14.5,7.5,12,9],"texture":"#0"}}},{"name":"Anvil base","from":[5.75,4,16],"to":[10.75,9,21],"faces":{"north":{"uv":[7.25,5,8.5,6.25],"texture":"#0","cullface":"down"},"east":{"uv":[2.75,8,4,9.25],"texture":"#0"},"south":{"uv":[12,11.25,13.25,12.5],"texture":"#0"},"west":{"uv":[12.25,5,13.5,6.25],"texture":"#0"},"up":{"uv":[13.5,7.5,12.25,6.25],"texture":"#0"},"down":{"uv":[1.25,12.5,0,13.75],"texture":"#0"}}},{"from":[7,4.2,0],"to":[9,6.2,2],"faces":{"north":{"uv":[2,6,4,8],"texture":"#1"},"east":{"uv":[6,3,8,5],"texture":"#1"},"south":{"uv":[4,6,6,8],"texture":"#1"},"west":{"uv":[6,5,8,7],"texture":"#1"},"up":{"uv":[8,9,6,7],"texture":"#1"},"down":{"uv":[10,0,8,2],"texture":"#1"}}},{"from":[10.5,6.7,0],"to":[13.5,7.7,2],"faces":{"north":{"uv":[2,6,4,8],"texture":"#1"},"east":{"uv":[6,3,8,5],"texture":"#1"},"south":{"uv":[4,6,6,8],"texture":"#1"},"west":{"uv":[6,5,8,7],"texture":"#1"},"up":{"uv":[8,9,6,7],"texture":"#1"},"down":{"uv":[10,0,8,2],"texture":"#1"}}},{"from":[2.5,7.7,0],"to":[5.5,8.7,2],"faces":{"north":{"uv":[2,6,4,8],"texture":"#1"},"east":{"uv":[6,3,8,5],"texture":"#1"},"south":{"uv":[4,6,6,8],"texture":"#1"},"west":{"uv":[6,5,8,7],"texture":"#1"},"up":{"uv":[8,9,6,7],"texture":"#1"},"down":{"uv":[10,0,8,2],"texture":"#1"}}},{"from":[3,1.2,-0.4],"to":[4,2.2,1],"faces":{"north":{"uv":[4,12,5,13],"texture":"#1"},"east":{"uv":[10,6,11.5,7],"texture":"#1"},"south":{"uv":[5,12,6,13],"texture":"#1"},"west":{"uv":[7,10,8.5,11],"texture":"#1"},"up":{"uv":[11,9.5,10,8],"texture":"#1"},"down":{"uv":[10,10,9,11.5],"texture":"#1"}}},{"from":[1,1.2,-0.4],"to":[2,2.2,1],"faces":{"north":{"uv":[10,12,11,13],"texture":"#1"},"east":{"uv":[11,5,12.5,6],"texture":"#1"},"south":{"uv":[12,10,13,11],"texture":"#1"},"west":{"uv":[11,7,12.5,8],"texture":"#1"},"up":{"uv":[9,12.5,8,11],"texture":"#1"},"down":{"uv":[12,8,11,9.5],"texture":"#1"}}},{"from":[2,2.2,-0.4],"to":[3,3.2,1],"faces":{"north":{"uv":[9,12,10,13],"texture":"#1"},"east":{"uv":[3,11,4.5,12],"texture":"#1"},"south":{"uv":[12,9,13,10],"texture":"#1"},"west":{"uv":[11,4,12.5,5],"texture":"#1"},"up":{"uv":[7,12.5,6,11],"texture":"#1"},"down":{"uv":[8,11,7,12.5],"texture":"#1"}}},{"from":[2,0.2,-0.4],"to":[3,1.2,1],"faces":{"north":{"uv":[3,12,4,13],"texture":"#1"},"east":{"uv":[3,10,4.5,11],"texture":"#1"},"south":{"uv":[12,3,13,4],"texture":"#1"},"west":{"uv":[10,3,11.5,4],"texture":"#1"},"up":{"uv":[11,5.5,10,4],"texture":"#1"},"down":{"uv":[6,10,5,11.5],"texture":"#1"}}},{"from":[2,1.2,-0.7],"to":[3,2.2,1],"faces":{"north":{"uv":[12,6,13,7],"texture":"#1"},"east":{"uv":[10,10,11.5,11],"texture":"#1"},"south":{"uv":[12,8,13,9],"texture":"#1"},"west":{"uv":[11,0,12.5,1],"texture":"#1"},"up":{"uv":[12,2.5,11,1],"texture":"#1"},"down":{"uv":[3,11,2,12.5],"texture":"#1"}}},{"from":[13,8.2,1.2],"to":[14,14.2,2.2],"faces":{"north":{"uv":[4,0,5,6],"texture":"#1"},"east":{"uv":[0,0,2,6],"texture":"#1"},"south":{"uv":[5,0,6,6],"texture":"#1"},"west":{"uv":[2,0,4,6],"texture":"#1"},"up":{"uv":[4,10,3,8],"texture":"#1"},"down":{"uv":[5,8,4,10],"texture":"#1"}}},{"from":[14,10.2,1.2],"to":[15,11.2,2.2],"faces":{"north":{"uv":[10,11,11,12],"texture":"#1"},"east":{"uv":[8,5,10,6],"texture":"#1"},"south":{"uv":[11,11,12,12],"texture":"#1"},"west":{"uv":[8,6,10,7],"texture":"#1"},"up":{"uv":[6,10,5,8],"texture":"#1"},"down":{"uv":[9,7,8,9],"texture":"#1"}}},{"from":[12,12.2,1.2],"to":[13,13.2,2.2],"faces":{"north":{"uv":[0,12,1,13],"texture":"#1"},"east":{"uv":[0,9,2,10],"texture":"#1"},"south":{"uv":[1,12,2,13],"texture":"#1"},"west":{"uv":[9,2,11,3],"texture":"#1"},"up":{"uv":[10,5,9,3],"texture":"#1"},"down":{"uv":[7,9,6,11],"texture":"#1"}}},{"from":[16,11.2,1.2],"to":[17,12.2,2.2],"faces":{"north":{"uv":[12,1,13,2],"texture":"#1"},"east":{"uv":[7,9,9,10],"texture":"#1"},"south":{"uv":[12,2,13,3],"texture":"#1"},"west":{"uv":[9,7,11,8],"texture":"#1"},"up":{"uv":[10,10,9,8],"texture":"#1"},"down":{"uv":[1,10,0,12],"texture":"#1"}}},{"from":[15,10.2,1.2],"to":[16,13.2,2.2],"faces":{"north":{"uv":[2,8,3,11],"texture":"#1"},"east":{"uv":[0,6,2,9],"texture":"#1"},"south":{"uv":[8,2,9,5],"texture":"#1"},"west":{"uv":[6,0,8,3],"texture":"#1"},"up":{"uv":[11,2,10,0],"texture":"#1"},"down":{"uv":[2,10,1,12],"texture":"#1"}}},{"from":[2,8.2,1.2],"to":[3,14.2,2.2],"rotation":{"angle":0,"axis":"y","origin":[16,0,0]},"faces":{"north":{"uv":[5,0,4,6],"texture":"#1"},"east":{"uv":[4,0,2,6],"texture":"#1"},"south":{"uv":[6,0,5,6],"texture":"#1"},"west":{"uv":[2,0,0,6],"texture":"#1"},"up":{"uv":[3,10,4,8],"texture":"#1"},"down":{"uv":[4,8,5,10],"texture":"#1"}}},{"from":[1,10.2,1.2],"to":[2,11.2,2.2],"rotation":{"angle":0,"axis":"y","origin":[16,0,0]},"faces":{"north":{"uv":[11,11,10,12],"texture":"#1"},"east":{"uv":[10,6,8,7],"texture":"#1"},"south":{"uv":[12,11,11,12],"texture":"#1"},"west":{"uv":[10,5,8,6],"texture":"#1"},"up":{"uv":[5,10,6,8],"texture":"#1"},"down":{"uv":[8,7,9,9],"texture":"#1"}}},{"from":[3,12.2,1.2],"to":[4,13.2,2.2],"rotation":{"angle":0,"axis":"y","origin":[16,0,0]},"faces":{"north":{"uv":[1,12,0,13],"texture":"#1"},"east":{"uv":[11,2,9,3],"texture":"#1"},"south":{"uv":[2,12,1,13],"texture":"#1"},"west":{"uv":[2,9,0,10],"texture":"#1"},"up":{"uv":[9,5,10,3],"texture":"#1"},"down":{"uv":[6,9,7,11],"texture":"#1"}}},{"from":[-1,11.2,1.2],"to":[0,12.2,2.2],"rotation":{"angle":0,"axis":"y","origin":[16,0,0]},"faces":{"north":{"uv":[13,1,12,2],"texture":"#1"},"east":{"uv":[11,7,9,8],"texture":"#1"},"south":{"uv":[13,2,12,3],"texture":"#1"},"west":{"uv":[9,9,7,10],"texture":"#1"},"up":{"uv":[9,10,10,8],"texture":"#1"},"down":{"uv":[0,10,1,12],"texture":"#1"}}},{"from":[0,10.2,1.2],"to":[1,13.2,2.2],"rotation":{"angle":0,"axis":"y","origin":[16,0,0]},"faces":{"north":{"uv":[3,8,2,11],"texture":"#1"},"east":{"uv":[8,0,6,3],"texture":"#1"},"south":{"uv":[9,2,8,5],"texture":"#1"},"west":{"uv":[2,6,0,9],"texture":"#1"},"up":{"uv":[10,2,11,0],"texture":"#1"},"down":{"uv":[1,10,2,12],"texture":"#1"}}}],"display":{"thirdperson_righthand":{"translation":[0,2,0],"scale":[0.25,0.25,0.25]},"thirdperson_lefthand":{"translation":[0,2,0],"scale":[0.25,0.25,0.25]},"firstperson_righthand":{"rotation":[-15,-4,0],"translation":[3.5,0,-4.5],"scale":[0.5,0.5,0.5]},"firstperson_lefthand":{"rotation":[-15,4,0],"translation":[3.5,0,-4.5],"scale":[0.5,0.5,0.5]},"ground":{"translation":[0,1.5,0],"scale":[0.45,0.45,0.45]},"head":{"rotation":[19.75,0,0],"translation":[0,8,2.25],"scale":[1.13,0.9,1.09]},"fixed":{"rotation":[0,90,0],"scale":[0.5,0.5,0.5]}}}