{"credit":"Made with Blockbench","texture_size":[32,32],"textures":{"0":"discordia:wendigo","1":"discordia:wendigocuerno","particle":"discordia:wendigo"},"elements":[{"from":[6.9,-0.5,3.6],"to":[9.1,1.2,7.6],"rotation":{"angle":-22.5,"axis":"x","origin":[8,0.1,5.6]},"faces":{"north":{"uv":[7,6.5,8.125,7.375],"texture":"#0"},"east":{"uv":[6,4,8,4.875],"texture":"#0"},"south":{"uv":[0,7.5,1.125,8.375],"texture":"#0"},"west":{"uv":[0,6.5,2,7.375],"texture":"#0"},"up":{"uv":[7.125,2,6,0],"texture":"#0"},"down":{"uv":[7.125,2,6,4],"texture":"#0"}}},{"from":[6.8,1.9,3],"to":[9.2,4.7,7],"rotation":{"angle":0,"axis":"y","origin":[7,0.5,3]},"faces":{"north":{"uv":[2,7,3.1875,8.375],"texture":"#0"},"east":{"uv":[0,5,2,6.375],"texture":"#0"},"south":{"uv":[7,5,8.1875,6.375],"texture":"#0"},"west":{"uv":[2,5.5,4,6.875],"texture":"#0"},"up":{"uv":[5.1875,7.5,4,5.5],"texture":"#0"},"down":{"uv":[6.6875,5.5,5.5,7.5],"texture":"#0"}}},{"from":[5.3,0.9,5.2],"to":[10.7,5.1,8.2],"rotation":{"angle":0,"axis":"y","origin":[7,0.5,3]},"faces":{"north":{"uv":[0,0,2.6875,2.125],"texture":"#0"},"east":{"uv":[3,3,4.5,5.125],"texture":"#0"},"south":{"uv":[0,2.5,2.6875,4.625],"texture":"#0"},"west":{"uv":[4.5,3,6,5.125],"texture":"#0"},"up":{"uv":[5.6875,1.5,3,0],"texture":"#0"},"down":{"uv":[5.6875,1.5,3,3],"texture":"#0"}}},{"from":[6.8,1.2,3],"to":[9.2,1.9,3],"rotation":{"angle":0,"axis":"y","origin":[7,0.5,3]},"faces":{"north":{"uv":[7.5,3.5,8.6875,3.875],"texture":"#0"},"east":{"uv":[0,0,0,0.375],"texture":"#0"},"south":{"uv":[5.5,7.5,6.6875,7.875],"texture":"#0"},"west":{"uv":[0,0,0,0.375],"texture":"#0"},"up":{"uv":[1.1875,0,0,0],"texture":"#0"},"down":{"uv":[1.1875,0,0,0],"texture":"#0"}}},{"from":[6.8,1.2,3],"to":[6.8,1.9,7],"rotation":{"angle":0,"axis":"y","origin":[7,0.5,3]},"faces":{"north":{"uv":[0,0,0,0.375],"texture":"#0"},"east":{"uv":[7.5,0,9.5,0.375],"texture":"#0"},"south":{"uv":[0,0,0,0.375],"texture":"#0"},"west":{"uv":[7.5,0.5,9.5,0.875],"texture":"#0"},"up":{"uv":[0,2,0,0],"texture":"#0"},"down":{"uv":[0,0,0,2],"texture":"#0"}}},{"from":[6.9,1.2,3.6],"to":[9.1,1.8,3.6],"rotation":{"angle":-22.5,"axis":"x","origin":[8,0.1,5.6]},"faces":{"north":{"uv":[7,7.5,8.125,7.8125],"texture":"#0"},"east":{"uv":[0,0,0,0.3125],"texture":"#0"},"south":{"uv":[3.5,8,4.625,8.3125],"texture":"#0"},"west":{"uv":[0,0,0,0.3125],"texture":"#0"},"up":{"uv":[1.125,0,0,0],"texture":"#0"},"down":{"uv":[1.125,0,0,0],"texture":"#0"}}},{"from":[9.2,1.2,3],"to":[9.2,1.9,7],"rotation":{"angle":0,"axis":"y","origin":[7,0.5,3]},"faces":{"north":{"uv":[0,0,0,0.375],"texture":"#0"},"east":{"uv":[7.5,1,9.5,1.375],"texture":"#0"},"south":{"uv":[0,0,0,0.375],"texture":"#0"},"west":{"uv":[7.5,1.5,9.5,1.875],"texture":"#0"},"up":{"uv":[0,2,0,0],"texture":"#0"},"down":{"uv":[0,0,0,2],"texture":"#0"}}},{"from":[6.9,1.2,3.6],"to":[6.9,1.8,7.6],"rotation":{"angle":-22.5,"axis":"x","origin":[8,0.1,5.6]},"faces":{"north":{"uv":[0,0,0,0.3125],"texture":"#0"},"east":{"uv":[7.5,2,9.5,2.3125],"texture":"#0"},"south":{"uv":[0,0,0,0.3125],"texture":"#0"},"west":{"uv":[7.5,2.5,9.5,2.8125],"texture":"#0"},"up":{"uv":[0,2,0,0],"texture":"#0"},"down":{"uv":[0,0,0,2],"texture":"#0"}}},{"from":[9.1,1.2,3.6],"to":[9.1,1.8,7.6],"rotation":{"angle":-22.5,"axis":"x","origin":[8,0.1,5.6]},"faces":{"north":{"uv":[0,0,0,0.3125],"texture":"#0"},"east":{"uv":[7.5,3,9.5,3.3125],"texture":"#0"},"south":{"uv":[0,0,0,0.3125],"texture":"#0"},"west":{"uv":[3.5,7.5,5.5,7.8125],"texture":"#0"},"up":{"uv":[0,2,0,0],"texture":"#0"},"down":{"uv":[0,0,0,2],"texture":"#0"}}},{"name":"cuernos","from":[-2.7,2.9,10.6],"to":[18.7,15.1,10.6],"rotation":{"angle":22.5,"axis":"x","origin":[8,9,10.6]},"faces":{"north":{"uv":[0,0,10.75,6.125],"texture":"#1"},"east":{"uv":[0,0,0,6.125],"texture":"#1"},"south":{"uv":[0,6.5,10.75,12.625],"texture":"#1"},"west":{"uv":[0,0,0,6.125],"texture":"#1"},"up":{"uv":[10.75,0,0,0],"texture":"#1"},"down":{"uv":[10.75,0,0,0],"texture":"#1"}}},{"name":"cuernos","from":[-3.5,0.1,13.2],"to":[19.5,13.3,13.2],"rotation":{"angle":45,"axis":"x","origin":[8,6.2,13.2]},"faces":{"north":{"uv":[0,0,10.75,6.125],"texture":"#1"},"east":{"uv":[0,0,0,6.125],"texture":"#1"},"south":{"uv":[0,6.5,10.75,12.625],"texture":"#1"},"west":{"uv":[0,0,0,6.125],"texture":"#1"},"up":{"uv":[10.75,0,0,0],"texture":"#1"},"down":{"uv":[10.75,0,0,0],"texture":"#1"}}}],"display":{"thirdperson_righthand":{"translation":[0,3.25,0]},"thirdperson_lefthand":{"translation":[0,3.75,0]},"ground":{"translation":[0,6.25,0]},"gui":{"rotation":[-146.73,53.13,160.67],"translation":[-4,1,0]},"head":{"translation":[0,9,-3.75],"scale":[2.2,2.2,2.2]},"fixed":{"rotation":[-47.5,0,0],"translation":[0,8,-14],"scale":[3,3,3]}}}