{"credit":"magic_store_official","texture_size":[32,32],"textures":{"0":"magic_store:cosmetics/random_cosmetic_v1_behind/random_cosmetic_v1_behind_book","particle":"magic_store:cosmetics/random_cosmetic_v1_behind/random_cosmetic_v1_behind_book"},"elements":[{"from":[0,0,3],"to":[16,2,13],"faces":{"north":{"uv":[8,0,16,1],"texture":"#0"},"east":{"uv":[8,2,13,3],"texture":"#0"},"south":{"uv":[8,1,16,2],"texture":"#0"},"west":{"uv":[8,3,13,4],"texture":"#0"},"up":{"uv":[8,5,0,0],"texture":"#0"},"down":{"uv":[8,5,0,10],"texture":"#0"}}},{"from":[4.1,0.1,10],"to":[16.1,2.1,12],"rotation":{"angle":22.5,"axis":"y","origin":[16.1,1.1,11]},"faces":{"east":{"uv":[8,4,9,5],"texture":"#0"},"up":{"uv":[8,4,14,5],"texture":"#0"}}}],"display":{"thirdperson_righthand":{"rotation":[49,36,0],"translation":[-0.5,3,0.5],"scale":[0.35,0.35,0.35]},"thirdperson_lefthand":{"rotation":[49,36,0],"translation":[-0.5,3,0.5],"scale":[0.35,0.35,0.35]},"ground":{"translation":[0,5.5,0],"scale":[0.4,0.4,0.4]},"gui":{"rotation":[31,49,49],"translation":[-2.75,1.5,0],"scale":[0.85,0.85,0.85]},"head":{"rotation":[91,63,0],"translation":[0.75,-15.5,16],"scale":[1.5,1.5,1.5]}}}