{"credit":"MadewithBlockbench","texture_size":[64,64],"textures":{"0":"zencraft:ositos/oso_rosa","particle":"zencraft:ositos/oso_rosa"},"elements":[{"from":[8,11.25,2],"to":[18,15.25,6],"rotation":{"angle":-45,"axis":"z","origin":[9,12,4]},"faces":{"north":{"uv":[7.5,10,10,11],"texture":"#0"},"east":{"uv":[1.5,7,2.5,8],"texture":"#0"},"south":{"uv":[10,10,12.5,11],"texture":"#0"},"west":{"uv":[0,10,1,11],"texture":"#0"},"up":{"uv":[13.25,1,10.75,0],"texture":"#0"},"down":{"uv":[13.25,1,10.75,2],"texture":"#0"}}},{"from":[-6,15.25,2],"to":[4,19.25,6],"rotation":{"angle":45,"axis":"z","origin":[7,12,4]},"faces":{"north":{"uv":[10.75,2,13.25,3],"texture":"#0"},"east":{"uv":[2.5,11.75,3.5,12.75],"texture":"#0"},"south":{"uv":[10.75,3,13.25,4],"texture":"#0"},"west":{"uv":[3.5,11.75,4.5,12.75],"texture":"#0"},"up":{"uv":[2.5,12,0,11],"texture":"#0"},"down":{"uv":[13.5,6.5,11,7.5],"texture":"#0"}}},{"from":[5.275,-2,-7],"to":[10.5,3,5],"rotation":{"angle":-22.5,"axis":"y","origin":[9,0,4]},"faces":{"north":{"uv":[7.5,11,8.8125,12.25],"texture":"#0"},"east":{"uv":[3,8.75,6,10],"texture":"#0"},"south":{"uv":[9,11,10.3125,12.25],"texture":"#0"},"west":{"uv":[8.75,4,11.75,5.25],"texture":"#0"},"up":{"uv":[1.3125,10,0,7],"texture":"#0"},"down":{"uv":[8.5625,0,7.25,3],"texture":"#0"}}},{"from":[0.5,-2,-9],"to":[5.725,3,3],"rotation":{"angle":22.5,"axis":"y","origin":[7,0,4]},"faces":{"north":{"uv":[10.5,11,11.8125,12.25],"texture":"#0"},"east":{"uv":[8.75,5.25,11.75,6.5],"texture":"#0"},"south":{"uv":[11.25,7.5,12.5625,8.75],"texture":"#0"},"west":{"uv":[6,8.75,9,10],"texture":"#0"},"up":{"uv":[8.5625,6,7.25,3],"texture":"#0"},"down":{"uv":[2.8125,8,1.5,11],"texture":"#0"}}},{"from":[0.75,8,1],"to":[9.25,15,9.5],"rotation":{"angle":0,"axis":"y","origin":[0,-2,0]},"faces":{"north":{"uv":[8.75,6.5,10.875,8.25],"texture":"#0"},"east":{"uv":[9,8.25,11.125,10],"texture":"#0"},"south":{"uv":[3,10,5.125,11.75],"texture":"#0"},"west":{"uv":[5.25,10,7.375,11.75],"texture":"#0"},"up":{"uv":[7.125,2.125,5,0],"texture":"#0"},"down":{"uv":[7.125,2.25,5,4.375],"texture":"#0"}}},{"from":[1.65,13.75,-1],"to":[8.25,16,1.7],"faces":{"north":{"uv":[11.75,4,13.40625,4.5625],"texture":"#0"},"east":{"uv":[7.25,12.25,7.9375,12.8125],"texture":"#0"},"south":{"uv":[4.5,11.75,6.15625,12.3125],"texture":"#0"},"west":{"uv":[8,12.25,8.6875,12.8125],"texture":"#0"},"up":{"uv":[4.65625,8.6875,3,8],"texture":"#0"},"down":{"uv":[12.90625,8.75,11.25,9.4375],"texture":"#0"}}},{"from":[1.1,14.1,0],"to":[8.875,22.15,8.75],"faces":{"north":{"uv":[8.75,0,10.6875,2],"texture":"#0"},"east":{"uv":[5,4.5,7.1875,6.5],"texture":"#0"},"south":{"uv":[8.75,2,10.6875,4],"texture":"#0"},"west":{"uv":[2.5,6,4.6875,8],"texture":"#0"},"up":{"uv":[6.6875,8.6875,4.75,6.5],"texture":"#0"},"down":{"uv":[8.6875,6.5,6.75,8.6875],"texture":"#0"}}},{"from":[4,16,-1.25],"to":[6,17.25,0],"faces":{"north":{"uv":[8.25,6,8.75,6.3125],"texture":"#0"},"east":{"uv":[5,12.5,5.3125,12.8125],"texture":"#0"},"south":{"uv":[10.25,12.25,10.75,12.5625],"texture":"#0"},"west":{"uv":[5.5,12.5,5.8125,12.8125],"texture":"#0"},"up":{"uv":[11.25,12.5625,10.75,12.25],"texture":"#0"},"down":{"uv":[11.75,12.25,11.25,12.5625],"texture":"#0"}}},{"from":[6,16,-1],"to":[7.5,16.75,0],"faces":{"north":{"uv":[6.5,12.5,6.875,12.6875],"texture":"#0"},"east":{"uv":[4.75,6,5,6.1875],"texture":"#0"},"south":{"uv":[8.75,12.5,9.125,12.6875],"texture":"#0"},"west":{"uv":[4.75,6.25,5,6.4375],"texture":"#0"},"up":{"uv":[1.375,11,1,10.75],"texture":"#0"},"down":{"uv":[12.625,9.75,12.25,10],"texture":"#0"}}},{"from":[0.1,21.3,3],"to":[2.9,23.7,4],"faces":{"north":{"uv":[1,12,1.6875,12.59375],"texture":"#0"},"east":{"uv":[11,7.5,11.25,8.09375],"texture":"#0"},"south":{"uv":[1.75,12,2.4375,12.59375],"texture":"#0"},"west":{"uv":[11.75,12.25,12,12.84375],"texture":"#0"},"up":{"uv":[12.4375,6.5,11.75,6.25],"texture":"#0"},"down":{"uv":[9.4375,12.25,8.75,12.5],"texture":"#0"}}},{"from":[6.6,21.3,4],"to":[10.15,24.2,5],"faces":{"north":{"uv":[11.75,4.75,12.625,5.46875],"texture":"#0"},"east":{"uv":[1,10,1.25,10.71875],"texture":"#0"},"south":{"uv":[11.75,5.5,12.625,6.21875],"texture":"#0"},"west":{"uv":[1.25,10,1.5,10.71875],"texture":"#0"},"up":{"uv":[8.125,6.25,7.25,6],"texture":"#0"},"down":{"uv":[8.125,6.25,7.25,6.5],"texture":"#0"}}},{"from":[7.1,21.3,3],"to":[9.9,23.7,4],"faces":{"north":{"uv":[12,11,12.6875,11.59375],"texture":"#0"},"east":{"uv":[4.5,12.5,4.75,13.09375],"texture":"#0"},"south":{"uv":[12,11.75,12.6875,12.34375],"texture":"#0"},"west":{"uv":[4.75,12.5,5,13.09375],"texture":"#0"},"up":{"uv":[10.1875,12.5,9.5,12.25],"texture":"#0"},"down":{"uv":[12.9375,9.5,12.25,9.75],"texture":"#0"}}},{"from":[-0.4,21.3,4],"to":[3.15,24.2,5],"faces":{"north":{"uv":[6.25,11.75,7.125,12.46875],"texture":"#0"},"east":{"uv":[2.5,11,2.75,11.71875],"texture":"#0"},"south":{"uv":[0,12,0.875,12.71875],"texture":"#0"},"west":{"uv":[2.75,11,3,11.71875],"texture":"#0"},"up":{"uv":[12.125,9.75,11.25,9.5],"texture":"#0"},"down":{"uv":[12.125,9.75,11.25,10],"texture":"#0"}}},{"from":[2.5,16,-1],"to":[4,16.75,0],"faces":{"north":{"uv":[9.25,12.5,9.625,12.6875],"texture":"#0"},"east":{"uv":[8.75,8.25,9,8.4375],"texture":"#0"},"south":{"uv":[9.75,12.5,10.125,12.6875],"texture":"#0"},"west":{"uv":[8.75,8.5,9,8.6875],"texture":"#0"},"up":{"uv":[6.375,12.75,6,12.5],"texture":"#0"},"down":{"uv":[12.875,6.25,12.5,6.5],"texture":"#0"}}},{"from":[0,0,0],"to":[10,8,10],"faces":{"north":{"uv":[2.5,0,5,2],"texture":"#0"},"east":{"uv":[2.5,2,5,4],"texture":"#0"},"south":{"uv":[2.5,4,5,6],"texture":"#0"},"west":{"uv":[0,5,2.5,7],"texture":"#0"},"up":{"uv":[2.5,2.5,0,0],"texture":"#0"},"down":{"uv":[2.5,2.5,0,5],"texture":"#0"}}}],"display":{"thirdperson_righthand":{"translation":[3,0,0]},"thirdperson_lefthand":{"translation":[-2,0,0]},"firstperson_righthand":{"translation":[7.25,0,0]},"firstperson_lefthand":{"translation":[1.5,0,0]},"ground":{"translation":[1,5,3.75]},"gui":{"rotation":[-16,131,0],"translation":[1.25,-2,0],"scale":[0.49,0.49,0.49]},"head":{"rotation":[0,180,0],"translation":[-5.5,-25.25,-7.75],"scale":[1.79,1.791,1.79]},"fixed":{"rotation":[-90.5,0,0],"translation":[7.5,7.5,-19.25],"scale":[2.52,2.52,2.52]}}}