{"parent":"item/handheld_rod","textures":{"layer0":"item/fishing_rod"},"overrides":[{"predicate":{"cast":1},"model":"item/fishing_rod_cast"},{"predicate":{"custom_model_data":10008},"model":"jeqo:dragon_set/black/black_dragon_rod"},{"predicate":{"cast":1,"custom_model_data":10008},"model":"jeqo:dragon_set/black/black_dragon_rod_cast"},{"predicate":{"custom_model_data":10009},"model":"jeqo:dragon_set/blue/blue_dragon_rod"},{"predicate":{"cast":1,"custom_model_data":10009},"model":"jeqo:dragon_set/blue/blue_dragon_rod_cast"},{"predicate":{"custom_model_data":10010},"model":"jeqo:dragon_set/green/green_dragon_rod"},{"predicate":{"cast":1,"custom_model_data":10010},"model":"jeqo:dragon_set/green/green_dragon_rod_cast"},{"predicate":{"custom_model_data":10011},"model":"jeqo:dragon_set/orange/orange_dragon_rod"},{"predicate":{"cast":1,"custom_model_data":10011},"model":"jeqo:dragon_set/orange/orange_dragon_rod_cast"},{"predicate":{"custom_model_data":10012},"model":"jeqo:dragon_set/purple/purple_dragon_rod"},{"predicate":{"cast":1,"custom_model_data":10012},"model":"jeqo:dragon_set/purple/purple_dragon_rod_cast"},{"predicate":{"custom_model_data":10013},"model":"jeqo:dragon_set/red/red_dragon_rod"},{"predicate":{"cast":1,"custom_model_data":10013},"model":"jeqo:dragon_set/red/red_dragon_rod_cast"},{"predicate":{"custom_model_data":10014},"model":"valentinesweapon:valentines_animated_weapon_and_tool_set_v1/rod"},{"predicate":{"cast":1,"custom_model_data":10014},"model":"valentinesweapon:valentines_animated_weapon_and_tool_set_v1/rod_cast"},{"predicate":{"custom_model_data":10015},"model":"item/fishing_rod"}]}