{"parent":"minecraft:item/generated","textures":{"layer0":"minecraft:item/leather_horse_armor"},"overrides":[{"predicate":{"custom_model_data":10000},"model":"magic_store:cosmetics/random_cosmetic_v1/random_cosmetic_v1_behind_skateboard"},{"predicate":{"custom_model_data":10001},"model":"magic_store:cosmetics/random_cosmetic_v1/random_cosmetic_v1_behind_surfboard"},{"predicate":{"custom_model_data":10002},"model":"magic_store:cosmetics/random_cosmetic_v1/random_cosmetic_v1_behind_swim"},{"predicate":{"custom_model_data":10003},"model":"magic_store:cosmetics/random_cosmetic_v1/random_cosmetic_v1_behind_angle_wing"},{"predicate":{"custom_model_data":10004},"model":"item/leather_horse_armor"}]}