{"parent":"minecraft:item/generated","textures":{"layer0":"minecraft:item/paper"},"overrides":[{"predicate":{"custom_model_data":10000},"model":"_iainternal:ia_auto_gen/icon_left_blue"},{"predicate":{"custom_model_data":10001},"model":"_iainternal:ia_auto_gen/icon_right_blue"},{"predicate":{"custom_model_data":10002},"model":"_iainternal:ia_auto_gen/icon_search"},{"predicate":{"custom_model_data":10003},"model":"_iainternal:ia_auto_gen/icon_cancel"},{"predicate":{"custom_model_data":10004},"model":"_iainternal:ia_auto_gen/icon_arrow_chest"},{"predicate":{"custom_model_data":10005},"model":"_iainternal:ia_auto_gen/icon_back_orange"},{"predicate":{"custom_model_data":10006},"model":"_iainternal:ia_auto_gen/icon_next_orange"},{"predicate":{"custom_model_data":10079},"model":"discordia:Sombreros_1/mascara_gas_rosa"},{"predicate":{"custom_model_data":10080},"model":"discordia:Sombreros_1/mascara_japonesa_15"},{"predicate":{"custom_model_data":10081},"model":"discordia:Sombreros_1/mascara_japonesa_13"},{"predicate":{"custom_model_data":10082},"model":"nogs_menagerie:plushies/nm_plushie_bunny_white"},{"predicate":{"custom_model_data":10083},"model":"discordia:Sombreros_1/mascara_japonesa_6"},{"predicate":{"custom_model_data":10084},"model":"discordia:Sombreros_1/bee"},{"predicate":{"custom_model_data":10085},"model":"discordia:Sombreros_1/mascara_japonesa_12"},{"predicate":{"custom_model_data":10086},"model":"nogs_menagerie:plushies/nm_plushie_bunny_pink"},{"predicate":{"custom_model_data":10087},"model":"discordia:Sombreros_1/mascara_japonesa_3"},{"predicate":{"custom_model_data":10088},"model":"discordia:Sombreros_1/mascara_japonesa_2"},{"predicate":{"custom_model_data":10089},"model":"discordia:Sombreros_1/mascara_japonesa_1"},{"predicate":{"custom_model_data":10090},"model":"discordia:Sombreros_1/mascara_japonesa_10"},{"predicate":{"custom_model_data":10091},"model":"discordia:Sombreros_1/mascara_japonesa_7"},{"predicate":{"custom_model_data":10092},"model":"discordia:Sombreros_1/mascara_gas_blanco"},{"predicate":{"custom_model_data":10093},"model":"nogs_menagerie:plushies/nm_plushie_mother_goose"},{"predicate":{"custom_model_data":10094},"model":"nogs_menagerie:plushies/nm_plushie_bunny_brown"},{"predicate":{"custom_model_data":10095},"model":"discordia:Sombreros_1/mascara_japonesa_8"},{"predicate":{"custom_model_data":10096},"model":"discordia:Sombreros_1/trabajador"},{"predicate":{"custom_model_data":10097},"model":"discordia:Sombreros_1/mascara_gas_morado"},{"predicate":{"custom_model_data":10098},"model":"discordia:Sombreros_1/mascara_japonesa_14"},{"predicate":{"custom_model_data":10099},"model":"nogs_menagerie:plushies/nm_plushie_chick_pink"},{"predicate":{"custom_model_data":10100},"model":"discordia:Sombreros_1/mascara_gas_amarillo"},{"predicate":{"custom_model_data":10101},"model":"discordia:Sombreros_1/mascara_japonesa_11"},{"predicate":{"custom_model_data":10102},"model":"nogs_menagerie:plushies/nm_plushie_chick_blue"},{"predicate":{"custom_model_data":10103},"model":"nogs_menagerie:plushies/nm_plushie_bunny_yellow"},{"predicate":{"custom_model_data":10104},"model":"discordia:Sombreros_1/mascara_japonesa_5"},{"predicate":{"custom_model_data":10105},"model":"nogs_menagerie:plushies/nm_plushie_easter_bunny"},{"predicate":{"custom_model_data":10106},"model":"discordia:Sombreros_1/mascara_japonesa_9"},{"predicate":{"custom_model_data":10107},"model":"discordia:Sombreros_1/mcdonalds"},{"predicate":{"custom_model_data":10108},"model":"nogs_menagerie:plushies/nm_plushie_bunny_hopz"},{"predicate":{"custom_model_data":10110},"model":"discordia:Sombreros_1/miku"},{"predicate":{"custom_model_data":10111},"model":"discordia:Sombreros_1/mascara_gas_azul"},{"predicate":{"custom_model_data":10112},"model":"nogs_menagerie:plushies/nm_plushie_bunny_blue"},{"predicate":{"custom_model_data":10113},"model":"discordia:Sombreros_1/mascara_japonesa_4"},{"predicate":{"custom_model_data":10114},"model":"nogs_menagerie:plushies/nm_plushie_chick_yellow"},{"predicate":{"custom_model_data":10116},"model":"zencraft:legendary/diamond_box"},{"predicate":{"custom_model_data":10117},"model":"nogs_menagerie:figures/nm_figure_chicken"},{"predicate":{"custom_model_data":10118},"model":"nogs_menagerie:figures/nm_figure_cow"},{"predicate":{"custom_model_data":10119},"model":"zencraft:legendary/amethyst_box"},{"predicate":{"custom_model_data":10120},"model":"nogs_menagerie:figures/nm_figure_cow_unboxed"},{"predicate":{"custom_model_data":10121},"model":"nogs_menagerie:figures/nm_figure_goat"},{"predicate":{"custom_model_data":10122},"model":"zencraft:copa"},{"predicate":{"custom_model_data":10123},"model":"nogs_menagerie:figures/nm_figure_steve_unboxed"},{"predicate":{"custom_model_data":10124},"model":"zencraft:quest_board"},{"predicate":{"custom_model_data":10125},"model":"nogs_menagerie:figures/nm_figure_goat_unboxed"},{"predicate":{"custom_model_data":10126},"model":"nogs_menagerie:figures/nm_figure_pig_unboxed"},{"predicate":{"custom_model_data":10127},"model":"nogs_menagerie:figures/nm_figure_skeleton_unboxed"},{"predicate":{"custom_model_data":10128},"model":"nogs_menagerie:figures/nm_figure_sheep_unboxed"},{"predicate":{"custom_model_data":10129},"model":"zencraft:legendary/iron_box"},{"predicate":{"custom_model_data":10130},"model":"nogs_menagerie:figures/nm_figure_zombie"},{"predicate":{"custom_model_data":10131},"model":"nogs_menagerie:figures/nm_figure_zombie_unboxed"},{"predicate":{"custom_model_data":10132},"model":"nogs_menagerie:figures/nm_figure_chicken_unboxed"},{"predicate":{"custom_model_data":10133},"model":"zencraft:legendary/gold_box"},{"predicate":{"custom_model_data":10134},"model":"nogs_menagerie:figures/nm_figure_skeleton"},{"predicate":{"custom_model_data":10135},"model":"zencraft:legendary/emerald_box"},{"predicate":{"custom_model_data":10136},"model":"nogs_menagerie:figures/nm_figure_villager_unboxed"},{"predicate":{"custom_model_data":10137},"model":"gold_coins:gold_coins_one_stack"},{"predicate":{"custom_model_data":10138},"model":"gold_coins:gold_coins_two_bowl"},{"predicate":{"custom_model_data":10139},"model":"gold_coins:gold_coins_tree_sack"},{"predicate":{"custom_model_data":10140},"model":"gold_coins:gold_coins_four_bucket"},{"predicate":{"custom_model_data":10141},"model":"gold_coins:gold_coins_five_barrel"},{"predicate":{"custom_model_data":10142},"model":"gold_coins:gold_coins_six_chest"},{"predicate":{"custom_model_data":10143},"model":"nogs_menagerie:figures/nm_figure_villager"},{"predicate":{"custom_model_data":10144},"model":"nogs_menagerie:figures/nm_figure_sheep"},{"predicate":{"custom_model_data":10145},"model":"nogs_menagerie:figures/nm_figure_steve"},{"predicate":{"custom_model_data":10165},"model":"nogs_menagerie:figures/nm_figure_pig"},{"predicate":{"custom_model_data":10166},"model":"nogs_menagerie:figures/nm_figure_mooshroom_unboxed"},{"predicate":{"custom_model_data":10167},"model":"nogs_menagerie:figures/nm_figure_mooshroom"},{"predicate":{"custom_model_data":10168},"model":"fnff:decorative_freddy"},{"predicate":{"custom_model_data":10170},"model":"funkos:head-staff/funko_zero"},{"predicate":{"custom_model_data":10174},"model":"discordia:Sombreros_1/monoculo"},{"predicate":{"custom_model_data":10177},"model":"discordia:Sombreros_1/plague_mask"},{"predicate":{"custom_model_data":10178},"model":"fnff:decorative_bonny"},{"predicate":{"custom_model_data":10181},"model":"discordia:Sombreros_1/cuernos"},{"predicate":{"custom_model_data":10182},"model":"fnff:decorative_goldenfreddy"},{"predicate":{"custom_model_data":10183},"model":"discordia:Sombreros_1/ajolote"},{"predicate":{"custom_model_data":10185},"model":"funkos:funko_ranko"},{"predicate":{"custom_model_data":10186},"model":"funkos:head-staff/funko_alixart"},{"predicate":{"custom_model_data":10189},"model":"funkos:funko_majinbuu"},{"predicate":{"custom_model_data":10193},"model":"funkos:funko_ranma"},{"predicate":{"custom_model_data":10195},"model":"fnff:decorative_foxy"},{"predicate":{"custom_model_data":10197},"model":"funkos:head-staff/funko_wizz"},{"predicate":{"custom_model_data":10199},"model":"fnff:decorative_chica"},{"predicate":{"custom_model_data":10200},"model":"discordia:Sombreros_1/harlequin"},{"predicate":{"custom_model_data":10202},"model":"funkos:decorative_funko_bills"},{"predicate":{"custom_model_data":10203},"model":"funkos:decorative_funko_sakura"},{"predicate":{"custom_model_data":10204},"model":"funkos:decorative_funko_kokun"},{"predicate":{"custom_model_data":10205},"model":"funkos:decorative_funko_madara"},{"predicate":{"custom_model_data":10206},"model":"funkos:decorative_funko_jiraiya"},{"predicate":{"custom_model_data":10207},"model":"funkos:decorative_funko_kakashi"},{"predicate":{"custom_model_data":10208},"model":"discordia:Sombreros_1/zeritohat"},{"predicate":{"custom_model_data":10209},"model":"funkos:decorative_funko_obito"},{"predicate":{"custom_model_data":10210},"model":"funkos:decorative_funko_hinata"},{"predicate":{"custom_model_data":10211},"model":"funkos:decorative_funko_vegeto"},{"predicate":{"custom_model_data":10212},"model":"funkos:decorative_funko_freezer"},{"predicate":{"custom_model_data":10213},"model":"funkos:decorative_funko_sasuke"},{"predicate":{"custom_model_data":10214},"model":"funkos:decorative_funko_naruto"},{"predicate":{"custom_model_data":10576},"model":"gamingroom_pack:naniii/armchair"},{"predicate":{"custom_model_data":10577},"model":"gamingroom_pack:naniii/armchair_rgb"},{"predicate":{"custom_model_data":10578},"model":"gamingroom_pack:naniii/gaming_chair_blue"},{"predicate":{"custom_model_data":10579},"model":"gamingroom_pack:naniii/gaming_chair_green"},{"predicate":{"custom_model_data":10580},"model":"gamingroom_pack:naniii/gaming_chair_red"},{"predicate":{"custom_model_data":10581},"model":"gamingroom_pack:naniii/sofa"},{"predicate":{"custom_model_data":10582},"model":"gamingroom_pack:naniii/sofa_rgb"},{"predicate":{"custom_model_data":10583},"model":"gamingroom_pack:naniii/box"},{"predicate":{"custom_model_data":10584},"model":"gamingroom_pack:naniii/cigarettes"},{"predicate":{"custom_model_data":10585},"model":"gamingroom_pack:naniii/emty_engery_drink"},{"predicate":{"custom_model_data":10586},"model":"gamingroom_pack:naniii/gamer_toilet_paper"},{"predicate":{"custom_model_data":10587},"model":"gamingroom_pack:naniii/gaming_monitor"},{"predicate":{"custom_model_data":10588},"model":"gamingroom_pack:naniii/gaming_table"},{"predicate":{"custom_model_data":10589},"model":"gamingroom_pack:naniii/gaming_tv"},{"predicate":{"custom_model_data":10590},"model":"gamingroom_pack:naniii/living_room_table"},{"predicate":{"custom_model_data":10591},"model":"gamingroom_pack:naniii/living_room_table_rgb"},{"predicate":{"custom_model_data":10592},"model":"gamingroom_pack:naniii/tft"},{"predicate":{"custom_model_data":10593},"model":"gamingroom_pack:naniii/toilet_paper"},{"predicate":{"custom_model_data":10594},"model":"gamingroom_pack:naniii/tv_dreamcraft_black"},{"predicate":{"custom_model_data":10595},"model":"gamingroom_pack:naniii/tv_dreamcraft_white"},{"predicate":{"custom_model_data":10596},"model":"gamingroom_pack:naniii/tv_table"},{"predicate":{"custom_model_data":10597},"model":"gamingroom_pack:naniii/tv_table_rgb"},{"predicate":{"custom_model_data":10598},"model":"gamingroom_pack:naniii/rgb_headphone"},{"predicate":{"custom_model_data":10599},"model":"gamingroom_pack:naniii/rgb_headphone_love"},{"predicate":{"custom_model_data":10609},"model":"zencraft:decorative_oso_castano"},{"predicate":{"custom_model_data":10610},"model":"zencraft:mochila_uber"},{"predicate":{"custom_model_data":10611},"model":"zencraft:decorative_oso_rosa"},{"predicate":{"custom_model_data":10612},"model":"zencraft:decorative_oso_mini_castano"},{"predicate":{"custom_model_data":10613},"model":"zencraft:decorative_oso_mini_azu"},{"predicate":{"custom_model_data":10614},"model":"zencraft:decorative_oso_mini_azumas"},{"predicate":{"custom_model_data":10615},"model":"zencraft:decorative_oso_blanco"},{"predicate":{"custom_model_data":10616},"model":"zencraft:decorative_oso_azu"},{"predicate":{"custom_model_data":10617},"model":"zencraft:decorative_oso_mini_cafe"},{"predicate":{"custom_model_data":10618},"model":"zencraft:decorative_oso_morado"},{"predicate":{"custom_model_data":10619},"model":"zencraft:decorative_oso_mini_rosa"},{"predicate":{"custom_model_data":10620},"model":"zencraft:decorative_oso_mini_blanco"},{"predicate":{"custom_model_data":10621},"model":"zencraft:decorative_oso_mini_negro"},{"predicate":{"custom_model_data":10622},"model":"zencraft:decorative_oso_mini_morado"},{"predicate":{"custom_model_data":10623},"model":"zencraft:decorative_oso_cafe"},{"predicate":{"custom_model_data":10624},"model":"zencraft:decorative_oso_azumas"},{"predicate":{"custom_model_data":10625},"model":"zencraft:mochila_didi"},{"predicate":{"custom_model_data":10626},"model":"zencraft:decorative_oso_negro"},{"predicate":{"custom_model_data":10717},"model":"vending_decoration_v1:vending_decoration_v1/vending_machine_beverage"},{"predicate":{"custom_model_data":10718},"model":"vending_decoration_v1:vending_decoration_v1/vending_machine_claw"},{"predicate":{"custom_model_data":10719},"model":"vending_decoration_v1:vending_decoration_v1/vending_machine_claw_big"},{"predicate":{"custom_model_data":10720},"model":"vending_decoration_v1:vending_decoration_v1/vending_machine_coffe"},{"predicate":{"custom_model_data":10721},"model":"vending_decoration_v1:vending_decoration_v1/vending_machine_drink"},{"predicate":{"custom_model_data":10722},"model":"vending_decoration_v1:vending_decoration_v1/vending_machine_drink_2"},{"predicate":{"custom_model_data":10723},"model":"vending_decoration_v1:vending_decoration_v1/vending_machine_gachapon"},{"predicate":{"custom_model_data":10724},"model":"vending_decoration_v1:vending_decoration_v1/vending_machine_gumball"},{"predicate":{"custom_model_data":10725},"model":"vending_decoration_v1:vending_decoration_v1/vending_machine_gumball_mini"},{"predicate":{"custom_model_data":10726},"model":"vending_decoration_v1:vending_decoration_v1/vending_machine_snack"},{"predicate":{"custom_model_data":10747},"model":"funkos:head-staff/funko_pola"},{"predicate":{"custom_model_data":10748},"model":"zencraft:ground_bag_box"},{"predicate":{"custom_model_data":10749},"model":"zencraft:ground_bag_foldbag"},{"predicate":{"custom_model_data":10750},"model":"zencraft:ground_bag_hiking"},{"predicate":{"custom_model_data":10751},"model":"zencraft:ground_bag_scout"},{"predicate":{"custom_model_data":10752},"model":"zencraft:ground_bag_steelbox"},{"predicate":{"custom_model_data":10753},"model":"zencraft:ground_bag_suitcase"},{"predicate":{"custom_model_data":10754},"model":"discordia:Sombreros_1/medidor"},{"predicate":{"custom_model_data":10765},"model":"magic_store:cosmetics/random_cosmetic_v1/random_cosmetic_v1_behind_ice_cream"},{"predicate":{"custom_model_data":10766},"model":"magic_store:cosmetics/random_cosmetic_v1/random_cosmetic_v1_behind_jetpack"},{"predicate":{"custom_model_data":10767},"model":"magic_store:cosmetics/random_cosmetic_v1/random_cosmetic_v1_behind_plane"},{"predicate":{"custom_model_data":10768},"model":"magic_store:cosmetics/random_cosmetic_v1/random_cosmetic_v1_behind_sword"},{"predicate":{"custom_model_data":10769},"model":"magic_store:cosmetics/random_cosmetic_v1/random_cosmetic_v1_behind_sword_1"},{"predicate":{"custom_model_data":10770},"model":"magic_store:cosmetics/random_cosmetic_v1/random_cosmetic_v1_behind_turtle"},{"predicate":{"custom_model_data":10771},"model":"magic_store:cosmetics/random_cosmetic_v1/random_cosmetic_v1_behind_book"},{"predicate":{"custom_model_data":10772},"model":"magic_store:cosmetics/random_cosmetic_v1/random_cosmetic_v1_behind_chest"},{"predicate":{"custom_model_data":10773},"model":"magic_store:cosmetics/random_cosmetic_v1/random_cosmetic_v1_behind_demon_wing"},{"predicate":{"custom_model_data":10774},"model":"magic_store:cosmetics/random_cosmetic_v1/random_cosmetic_v1_behind_guitar"},{"predicate":{"custom_model_data":10775},"model":"cosmetics:hats/aviation_helmet"},{"predicate":{"custom_model_data":10776},"model":"cosmetics:hats/blue_iron_hoplita"},{"predicate":{"custom_model_data":10777},"model":"cosmetics:hats/bonsai"},{"predicate":{"custom_model_data":10778},"model":"cosmetics:hats/cat_ears"},{"predicate":{"custom_model_data":10779},"model":"cosmetics:hats/cat_ears_black"},{"predicate":{"custom_model_data":10780},"model":"cosmetics:hats/cat_ears_pink"},{"predicate":{"custom_model_data":10781},"model":"cosmetics:hats/good_evil"},{"predicate":{"custom_model_data":10782},"model":"cosmetics:hats/green_iron_hoplita"},{"predicate":{"custom_model_data":10783},"model":"cosmetics:hats/hive_mind"},{"predicate":{"custom_model_data":10784},"model":"cosmetics:hats/hoplita"},{"predicate":{"custom_model_data":10785},"model":"cosmetics:hats/jukebox"},{"predicate":{"custom_model_data":10786},"model":"cosmetics:hats/red_iron_hoplita"},{"predicate":{"custom_model_data":10787},"model":"cosmetics:hats/redstone_lamp_hat"},{"predicate":{"custom_model_data":10788},"model":"cosmetics:hats/yellow_iron_hoplita"},{"predicate":{"custom_model_data":10789},"model":"funkos:head-staff/funko_alexis"},{"predicate":{"custom_model_data":10790},"model":"dino_pack:items/ankylosaurus_hat"},{"predicate":{"custom_model_data":10791},"model":"dino_pack:items/ankylosaurus_tail"},{"predicate":{"custom_model_data":10792},"model":"dino_pack:items/brachiosaurus_hat"},{"predicate":{"custom_model_data":10793},"model":"dino_pack:items/brachiosaurus_tail"},{"predicate":{"custom_model_data":10794},"model":"dino_pack:items/parasaurolophus_hat"},{"predicate":{"custom_model_data":10795},"model":"dino_pack:items/parasaurolophus_tail"},{"predicate":{"custom_model_data":10796},"model":"dino_pack:items/triceratops_hat"},{"predicate":{"custom_model_data":10797},"model":"dino_pack:items/triceratops_tail"},{"predicate":{"custom_model_data":10798},"model":"dino_pack:items/tyrannosaurus_rex_hat"},{"predicate":{"custom_model_data":10799},"model":"dino_pack:items/tyrannosaurus_rex_tail"},{"predicate":{"custom_model_data":10800},"model":"reddragonset:chest"},{"predicate":{"custom_model_data":10801},"model":"reddragonset:key"},{"predicate":{"custom_model_data":10802},"model":"reddragonset:wings"},{"predicate":{"custom_model_data":10803},"model":"funkos:head-staff/funko_abprill"},{"predicate":{"custom_model_data":10804},"model":"zencraft:crates/toffy_crate_black"},{"predicate":{"custom_model_data":10805},"model":"zencraft:crates/toffy_crate_blue"},{"predicate":{"custom_model_data":10806},"model":"zencraft:crates/toffy_crate_cinder"},{"predicate":{"custom_model_data":10807},"model":"zencraft:crates/toffy_crate_green"},{"predicate":{"custom_model_data":10808},"model":"zencraft:crates/toffy_crate_purple"},{"predicate":{"custom_model_data":10809},"model":"zencraft:crates/toffy_crate_red"},{"predicate":{"custom_model_data":10810},"model":"zencraft:crates/toffy_crate_viking"},{"predicate":{"custom_model_data":10811},"model":"wizard_hat:wizard_hat/wizard1"},{"predicate":{"custom_model_data":10812},"model":"wizard_hat:wizard_hat/wizard2"},{"predicate":{"custom_model_data":10813},"model":"wizard_hat:wizard_hat/wizard3"},{"predicate":{"custom_model_data":10814},"model":"wizard_hat:wizard_hat/wizard4"},{"predicate":{"custom_model_data":10815},"model":"wizard_hat:wizard_hat/wizard5"},{"predicate":{"custom_model_data":10816},"model":"jeqo:dragon_set/black/black_dragon_helmet"},{"predicate":{"custom_model_data":10817},"model":"jeqo:dragon_set/black/black_dragon_key"},{"predicate":{"custom_model_data":10818},"model":"jeqo:dragon_set/black/black_dragon_crate"},{"predicate":{"custom_model_data":10819},"model":"jeqo:dragon_set/blue/blue_dragon_helmet"},{"predicate":{"custom_model_data":10820},"model":"jeqo:dragon_set/blue/blue_dragon_key"},{"predicate":{"custom_model_data":10821},"model":"jeqo:dragon_set/blue/blue_dragon_crate"},{"predicate":{"custom_model_data":10822},"model":"jeqo:dragon_set/green/green_dragon_helmet"},{"predicate":{"custom_model_data":10823},"model":"jeqo:dragon_set/green/green_dragon_key"},{"predicate":{"custom_model_data":10824},"model":"jeqo:dragon_set/green/green_dragon_crate"},{"predicate":{"custom_model_data":10825},"model":"jeqo:dragon_set/orange/orange_dragon_helmet"},{"predicate":{"custom_model_data":10826},"model":"jeqo:dragon_set/orange/orange_dragon_key"},{"predicate":{"custom_model_data":10827},"model":"jeqo:dragon_set/orange/orange_dragon_crate"},{"predicate":{"custom_model_data":10828},"model":"jeqo:dragon_set/purple/purple_dragon_helmet"},{"predicate":{"custom_model_data":10829},"model":"jeqo:dragon_set/purple/purple_dragon_key"},{"predicate":{"custom_model_data":10830},"model":"jeqo:dragon_set/purple/purple_dragon_crate"},{"predicate":{"custom_model_data":10831},"model":"jeqo:dragon_set/red/red_dragon_helmet"},{"predicate":{"custom_model_data":10832},"model":"jeqo:dragon_set/red/red_dragon_key"},{"predicate":{"custom_model_data":10833},"model":"jeqo:dragon_set/red/red_dragon_crate"},{"predicate":{"custom_model_data":10834},"model":"discordia:Sombreros_1/pigmask"},{"predicate":{"custom_model_data":10835},"model":"valentinesweapon:valentines_animated_weapon_and_tool_set_v1/chest"},{"predicate":{"custom_model_data":10836},"model":"valentinesweapon:valentines_animated_weapon_and_tool_set_v1/grenade"},{"predicate":{"custom_model_data":10837},"model":"valentinesweapon:valentines_animated_weapon_and_tool_set_v1/helmet"},{"predicate":{"custom_model_data":10838},"model":"valentinesweapon:valentines_animated_weapon_and_tool_set_v1/key"},{"predicate":{"custom_model_data":10839},"model":"valentinesweapon:valentines_animated_weapon_and_tool_set_v1/quiver"},{"predicate":{"custom_model_data":10840},"model":"valentinesweapon:valentines_animated_weapon_and_tool_set_v1/quiver_self"},{"predicate":{"custom_model_data":10841},"model":"valentinesweapon:valentines_animated_weapon_and_tool_set_v1/wing"},{"predicate":{"custom_model_data":10842},"model":"valentinesweapon:valentines_animated_weapon_and_tool_set_v1/wing_self"},{"predicate":{"custom_model_data":10843},"model":"discordia:sombreros_3/tlaloc_hat"},{"predicate":{"custom_model_data":10844},"model":"discordia:sombreros_3/cat_ears_hat"},{"predicate":{"custom_model_data":10845},"model":"discordia:sombreros_3/cowboy_hat"},{"predicate":{"custom_model_data":10846},"model":"discordia:sombreros_3/crown_hat1"},{"predicate":{"custom_model_data":10847},"model":"discordia:sombreros_3/fox_hat"},{"predicate":{"custom_model_data":10848},"model":"discordia:sombreros_3/gentleman_hat"},{"predicate":{"custom_model_data":10849},"model":"discordia:sombreros_3/golden_crown"},{"predicate":{"custom_model_data":10850},"model":"discordia:sombreros_3/horns_hat"},{"predicate":{"custom_model_data":10851},"model":"discordia:sombreros_3/iron_crown"},{"predicate":{"custom_model_data":10852},"model":"discordia:sombreros_3/mafia_hat"},{"predicate":{"custom_model_data":10853},"model":"discordia:sombreros_3/pirate_hat"},{"predicate":{"custom_model_data":10854},"model":"discordia:sombreros_3/nocsy_dragon_helmet"},{"predicate":{"custom_model_data":10855},"model":"discordia:sombreros_3/champion_hat"},{"predicate":{"custom_model_data":10911},"model":"zen_armas:zen_armas/abywings"},{"predicate":{"custom_model_data":10912},"model":"discordia:Sombreros_1/bunny2"},{"predicate":{"custom_model_data":10913},"model":"discordia:Sombreros_1/bunny"},{"predicate":{"custom_model_data":10914},"model":"discordia:Sombreros_1/nightvision"},{"predicate":{"custom_model_data":10915},"model":"discordia:Sombreros_1/buzo"},{"predicate":{"custom_model_data":10916},"model":"discordia:Sombreros_1/blackcat1"},{"predicate":{"custom_model_data":10917},"model":"discordia:Sombreros_1/pulpo1"},{"predicate":{"custom_model_data":10918},"model":"discordia:Sombreros_1/hair1"},{"predicate":{"custom_model_data":10919},"model":"discordia:Sombreros_1/hair2"},{"predicate":{"custom_model_data":10920},"model":"discordia:Sombreros_1/amongus"},{"predicate":{"custom_model_data":10921},"model":"discordia:Sombreros_1/amongus2"},{"predicate":{"custom_model_data":10922},"model":"discordia:Sombreros_1/amongus3"},{"predicate":{"custom_model_data":10923},"model":"discordia:Sombreros_1/amongus4"},{"predicate":{"custom_model_data":10924},"model":"discordia:Sombreros_1/heart"},{"predicate":{"custom_model_data":10925},"model":"discordia:Sombreros_1/wendigo"},{"predicate":{"custom_model_data":10926},"model":"discordia:Sombreros_1/gatonegro"},{"predicate":{"custom_model_data":10927},"model":"discordia:Sombreros_1/sombrero_bruja_negro"},{"predicate":{"custom_model_data":10928},"model":"discordia:Sombreros_1/espacial"},{"predicate":{"custom_model_data":10929},"model":"discordia:Sombreros_1/mascara_wither"},{"predicate":{"custom_model_data":10930},"model":"discordia:Sombreros_1/sombreronavidad"},{"predicate":{"custom_model_data":10931},"model":"discordia:Sombreros_1/reaper2"},{"predicate":{"custom_model_data":10932},"model":"discordia:Sombreros_1/reaper"},{"predicate":{"custom_model_data":10933},"model":"item/paper"}]}